station_id,brand,name,address,city,latitude,longitude,fuel_types,services,working_hours,phone,station_type
GULF_5851,Gulf,Abasha,"Abasha, Village Norio",Abasha,42.2168797740693,42.1862007409433,"Euro Diesel, Euro Regular, G-Force Euro Diesel, G-Force Euro Regular, G-Force Premium","Coffee, Hot Dog, Sandwich",,,
GULF_5852,Gulf,Adlia,"Batumi, Airport Highway, #304",Batumi,41.5983220850403,41.598708547546,"Euro Diesel, Euro Regular, G-Force Euro Diesel, G-Force Euro Regular, G-Force Premium","Service Center, Coffee, Hot Dog, Sandwich",,,
GULF_5673,Gulf,Agara,Agara,,42.036948238493,43.805808153381,"Diesel Euro, Euro Regular, G-Force Euro Diesel, G-Force Euro Regular, G-Force Premium",,,,
GULF_5920,Gulf,Akhalcikhe,"Akhaltsikhe Municipality, Akhaltsikhe City, Mikheil Tamarashvili Street, #62",Akhaltsikhe Municipality,41.646655981619,43.0012435700615,"Euro Diesel, Euro Regular, G-Force Euro Diesel, G-Force Euro Regular, G-Force Premium, G-Force Super","Coffee, Hot Dog, Sandwich",,,
GULF_5688,Gulf,Akhmeta,"Akhmeta, Zemo Khodasheni",Akhmeta,41.966344,45.359445,"Euro Diesel, Euro Regular, G-Force Premium",,,,
GULF_5894,Gulf,Ambrolauri,"Ambrolauri, Vazha-Pshavela Str. #26",Ambrolauri,42.5267079105793,43.1528707340354,"Euro Diesel, Euro Regular, G-Force Euro Diesel, G-Force Euro Regular, G-Force Premium","Coffee, Hot Dog, Sandwich",,,
GULF_5895,Gulf,Argoil,"Kutaisi, D. Agmashenebeli Avenue,  #99",Kutaisi,42.26157472414,42.682740416756,"Euro Diesel, Euro Regular, G-Force Euro Diesel, G-Force Euro Regular, G-Force Premium, G-Force Super","Coffee, Hot Dog, Sandwich",,,
GULF_5729,Gulf,Babilo,"Tbilisi, A. Beliashvili str. #45",Tbilisi,41.7624779421799,44.7805685755957,"Euro Diesel, Euro Regular, G-Force Euro Diesel, G-Force Euro Regular, G-Force Premium, G-Force Super","Coffee, Hot Dog, Sandwich",,,
GULF_5869,Gulf,Babilo,"Tbilisi, A. Beliashvili str. #45",Tbilisi,41.7624779421799,44.7805685755957,"Euro Diesel, Euro Regular, G-Force Euro Diesel, G-Force Euro Regular, G-Force Premium, G-Force Super","Coffee, Hot Dog, Sandwich",,,
GULF_5730,Gulf,"Babilo, A. Beliashvili str. #45","Babilo, A. Beliashvili str. #45",Babilo,41.762440732396,44.78050949835,"Euro Diesel, Euro Regular, G-Force Euro Diesel, G-Force Euro Regular, G-Force Premium, G-Force Super",Coffee,,,
GULF_5921,Gulf,Bakuriani,"Bakuriani, Tavisupleba Str. #48",Bakuriani,41.7541460176822,43.5292800000001,"Euro Diesel, Euro Regular, G-Force Euro Diesel, G-Force Euro Regular, G-Force Premium","Coffee, Hot Dog, Sandwich",,,
GULF_5867,Gulf,Batumi mcdonalds,"Batumi, Zurab Gorgiladze Str. #90",Batumi,41.6434639661312,41.6190978161623,"Euro Diesel, Euro Regular, G-Force Euro Diesel, G-Force Euro Regular, G-Force Premium","Coffee, Hot Dog, Sandwich",,,
GULF_5922,Gulf,Borjomi,"Bordjomi, Near Rustaveli Str.",Bordjomi,41.842278706815,43.387024131051,"Euro Diesel, Euro Regular, G-Force Euro Diesel, G-Force Euro Regular, G-Force Premium","Coffee, Hot Dog, Sandwich",,,
GULF_5893,Gulf,Botanika,"Tbilisi, Agmashenebeli Alley #93",Tbilisi,41.7797820057093,44.7694307203573,"Euro Diesel, Euro Regular, G-Force Euro Diesel, G-Force Euro Regular, G-Force Premium, G-Force Super","Coffee, Hot Dog, Sandwich",,,
GULF_5726,Gulf,Botanika,"Tbilisi, Agmashenebeli Alley #93",Tbilisi,41.7797820057093,44.7694307203573,"Euro Diesel, Euro Regular, G-Force Euro Diesel, G-Force Euro Regular, G-Force Premium, G-Force Super","Coffee, Hot Dog, Sandwich",,,
GULF_5725,Gulf,"Botanika, Agmashenebeli Alley #93","Botanika, Agmashenebeli Alley #93",Botanika,41.779830704848,44.769463763505,"Euro Diesel, Euro Regular, G-Force Euro Diesel, G-Force Euro Regular, G-Force Premium, G-Force Super",Coffee,,,
GULF_5870,Gulf,Bronto,"Tbilisi, At the end of Javakheti Street, near the intersection of Moscow Avenue",Tbilisi,41.6811919869661,44.8703992709875,"Euro Diesel, Euro Regular, G-Force Euro Diesel, G-Force Euro Regular, G-Force Premium, G-Force Super","Coffee, Hot Dog, Sandwich",,,
GULF_5871,Gulf,Budapeshti,"Tbilisi, Nutsubidze and Budapeshti Street Crossing",Tbilisi,41.7302650011001,44.7581310326018,"Euro Diesel, Euro Regular, G-Force Euro Diesel, G-Force Premium","Coffee, Hot Dog, Sandwich",,,
GULF_5860,Gulf,Chakvi,"Chakvi, Tamar Mefe Str. #74a",Chakvi,41.7130580094418,41.7329078114212,"Euro Diesel, Euro Regular, G-Force Euro Diesel, G-Force Euro Regular, G-Force Premium, G-Force Super","Coffee, Hot Dog, Sandwich",,,
GULF_5861,Gulf,Chokhatauri 2,"Chokhatauri, Kostava Str. #7",Chokhatauri,42.0103358337407,42.231889265155,"Euro Diesel, Euro Regular, G-Force Euro Diesel, G-Force Euro Regular, G-Force Premium","Coffee, Hot Dog, Sandwich",,,
GULF_5733,Gulf,Corner,"Tbilisi, Akaki Beliashvili street #5",Tbilisi,41.755603982045,44.77861852799,"Euro Diesel, Euro Regular, G-Force Euro Diesel, G-Force Euro Regular, G-Force Premium, G-Force Super",,,,
GULF_5882,Gulf,Cosmonavt,"Tbilisi, on the Kakheti highway, near the Cosmonaut Monument in the direction of the airport",Tbilisi,41.687088017011,44.8958699999999,"Euro Diesel, Euro Regular, G-Force Euro Diesel, G-Force Euro Regular, G-Force Premium, G-Force Super","Service Center, Coffee, Hot Dog, Sandwich",,,
GULF_5875,Gulf,Dako,"Tbilisi,  Beri Gabriel Salosi Avenue #134",Tbilisi,41.6723940154901,44.8669400000002,"Euro Diesel, Euro Regular, G-Force Euro Diesel, G-Force Euro Regular, G-Force Premium","Coffee, Hot Dog, Sandwich",,,
GULF_5876,Gulf,Didube,"Tbilisi, Didube, The Left Side of Mtkvari Near Digomi Bridge",Tbilisi,41.7551240638179,44.7809114691712,"Euro Diesel, Euro Regular, G-Force Euro Diesel, G-Force Euro Regular, G-Force Premium, G-Force Super","Coffee, Hot Dog, Sandwich",,,
GULF_5735,Gulf,"Didube, The Left Side of Mtkvari Near Digomi Bridge","Didube, The Left Side of Mtkvari Near Digomi Bridge",Didube,41.754947696051,44.780850138896,"Euro Diesel, Euro Regular, G-Force Euro Diesel, G-Force Euro Regular, G-Force Premium, G-Force Super","Express, Coffee",,,
GULF_5903,Gulf,Dzirula resto,"Zestaponi district, village of Dzirula",Zestaponi district,42.0899096961649,43.1646519004681,"Euro Diesel, Euro Regular, G-Force Euro Diesel, G-Force Euro Regular, G-Force Premium","Coffee, Hot Dog, Sandwich",,,
GULF_5877,Gulf,Eurasia,"Tbilisi, Marshal Gelovani Avenue #5",Tbilisi,41.74643,44.7701900000003,"Euro Diesel, Euro Regular, G-Force Euro Diesel, G-Force Euro Regular, G-Force Premium","Coffee, Hot Dog, Sandwich",,,
GULF_5890,Gulf,Fortuna,"Tbilisi, David Agmashenebeli Alley, #172",Tbilisi,41.7836959989534,44.7686492720325,"Euro Diesel, Euro Regular, G-Force Euro Diesel, G-Force Euro Regular, G-Force Premium","Coffee, Hot Dog, Sandwich",,,
GULF_5723,Gulf,Fortuna,"Tbilisi, David Agmashenebeli Alley, #172",Tbilisi,41.7836959989534,44.7686492720325,"Euro Diesel, Euro Regular, G-Force Euro Diesel, G-Force Euro Regular, G-Force Premium","Coffee, Hot Dog, Sandwich",,,
GULF_5724,Gulf,Fortuna,Fortuna,,41.783650583854,44.768726554143,"Euro Diesel, Euro Regular, G-Force Euro Diesel, G-Force Euro Regular, G-Force Premium",Coffee,,,
GULF_5872,Gulf,Gelovani,"Tbilisi, Marshal Gelovani Avenue  #16",Tbilisi,41.744479999998,44.7690185139111,"Euro Diesel, Euro Regular, G-Force Euro Diesel, G-Force Euro Regular, G-Force Premium, G-Force Super","Coffee, Hot Dog, Sandwich",,,
GULF_5873,Gulf,Giorgi 96,"Tbilisi,  David Agmashenebeli Alley #127",Tbilisi,41.7889939799471,44.7704592794088,"Euro Diesel, Euro Regular, G-Force Euro Diesel, G-Force Euro Regular, G-Force Premium, G-Force Super","Coffee, Hot Dog, Sandwich",,,
GULF_5853,Gulf,Gonio 2,"Batumi, Apsarosi str. #47a",Batumi,41.5804982569215,41.5778700000003,"Euro Diesel, Euro Regular, G-Force Euro Diesel, G-Force Euro Regular, G-Force Premium","Coffee, Hot Dog, Sandwich",,,
GULF_5684,Gulf,Gori,"Gori, Highway Tskhinvali N8",Gori,41.993817804646,44.111197779636,"CNG, Euro Diesel, Euro Regular, G-Force Euro Diesel, G-Force Euro Regular, G-Force Premium","Coffee, Hot Dog, Sandwich",,,
GULF_5923,Gulf,Gori,"Gori, Highway Tskhinvali N8",Gori,41.9938178046458,44.1111977796362,"CNG, Euro Diesel, Euro Regular, G-Force Euro Diesel, G-Force Euro Regular, G-Force Premium","Coffee, Hot Dog, Sandwich",,,
GULF_5680,Gulf,Gori Exit,"Gori, Sukhishvili Str. #188",Gori,41.999434,44.123597,"Diesel Euro, Euro Regular, G-Force Premium",,,,
GULF_5929,Gulf,Gori avtobani,"Gori Autoban, Village Berbuki",Gori Autoban,42.0184018920009,44.1251192681658,"Euro Diesel, Euro Regular, G-Force Euro Diesel, G-Force Euro Regular, G-Force Premium, G-Force Super","Coffee, Hot Dog, Sandwich",,,
GULF_5896,Gulf,Gugunava,"Kutaisi, Gugunava Str. #10 b/d",Kutaisi,42.2511582675514,42.6772399999999,"Euro Diesel, Euro Regular, G-Force Euro Diesel, G-Force Euro Regular, G-Force Premium","Coffee, Hot Dog, Sandwich",,,
GULF_5819,Gulf,Gulf + • Afrika,"Tbilisi, Kindzmarauli Str. #32",Tbilisi,41.6659328996659,44.9133219903347,"Euro Regular, G-Force Euro Diesel, G-Force Premium",Coffee,,,
GULF_5849,Gulf,Gulf + • Akhalcikhe,"Akhaltsikhe, Rustaveli Str. #97",Akhaltsikhe,41.6393021473397,43.0160707265024,"Euro Diesel, Euro Regular, G-Force Euro Diesel, G-Force Premium","Coffee, Hot Dog, Sandwich",,,
GULF_5844,Gulf,Gulf + • Aspindza,"Aspindza, Vardzia Str. #44, Akhaltsikhe, Ninotsminda highway 31 km",Aspindza,41.5738282931377,43.2475707293615,"Euro Diesel, Euro Regular, G-Force Euro Diesel, G-Force Premium",Coffee,,,
GULF_5766,Gulf,Gulf + • BIO,"Gulf + • BIO • 
Tbilisi, Kakheti Highway, 
(Self Service)","Gulf + • BIO • 
Tbilisi",41.688170056498,44.85002162718,"Euro Diesel, Euro Regular, G-Force Premium","CNG Station, Coffee",,,
GULF_5835,Gulf,Gulf + • Bakurtsikhe,"Gurjaani, Bakurtsikhe",Gurjaani,41.6900500931407,45.8566299999998,"Euro Diesel, Euro Regular, G-Force Euro Diesel, G-Force Premium",Coffee,,,
GULF_5765,Gulf,Gulf + • Bio,"Tbilisi, Kakheti Highway",Tbilisi,41.6882380531635,44.8500999999995,"Euro Regular, G-Force Euro Diesel, G-Force Premium","CNG Station, Coffee, Hot Dog, Sandwich",,,
GULF_5820,Gulf,Gulf + • Bio,"Tbilisi, Kakheti Highway",Tbilisi,41.6882380531635,44.8500999999995,"Euro Regular, G-Force Euro Diesel, G-Force Premium","Coffee, Hot Dog, Sandwich",,,
GULF_5817,Gulf,Gulf + • Chokhatauri,"Chokhatauri, Lomtatidze Str. #1",Chokhatauri,42.009867,42.235613,"Euro Regular, G-Force Euro Diesel, G-Force Premium",Coffee,,,
GULF_5770,Gulf,Gulf + • Cosmonavt,"Tbilisi, on the Kakheti highway, near the Cosmonaut Monument in the direction of the airport",Tbilisi,41.687088017011,44.8958699999999,"Euro Diesel, Euro Regular, G-Force Euro Diesel, G-Force Premium","CNG Station, Coffee, Hot Dog, Sandwich",,,
GULF_5808,Gulf,Gulf + • Cosmonavt,"Tbilisi, on the Kakheti highway, near the Cosmonaut Monument in the direction of the airport",Tbilisi,41.687088017011,44.8958699999999,"Euro Diesel, Euro Regular, G-Force Euro Diesel, G-Force Premium","Coffee, Hot Dog, Sandwich",,,
GULF_5711,Gulf,Gulf + • Digomi MG,"Tbilisi, Agmashenebeli Alley #149",Tbilisi,41.7948739514225,44.7709178735307,"Euro Regular, G-Force Euro Diesel, G-Force Premium","CNG Station, Coffee, Hot Dog, Sandwich",,,
GULF_5823,Gulf,Gulf + • Digomi MG,"Tbilisi, Agmashenebeli Alley #149",Tbilisi,41.7948739514225,44.7709178735307,"Euro Regular, G-Force Euro Diesel, G-Force Premium","Coffee, Hot Dog, Sandwich",,,
GULF_5710,Gulf,Gulf + • Digomi MG •,"Gulf + • Digomi MG • 
Tbilisi, Agmashenebeli Alley #149
(Self Service)","Gulf + • Digomi MG • 
Tbilisi",41.794901,44.770972,"Euro Diesel, Euro Regular, G-Force Premium",CNG Station,,,
GULF_5809,Gulf,Gulf + • Erge,"Khelvachauri, Vilage Erge",Khelvachauri,41.5666762346471,41.6878143121547,"Euro Regular, G-Force Euro Diesel, G-Force Premium",Coffee,,,
GULF_5836,Gulf,Gulf + • Gombori,"Gardabani, Martkobi Village",Gardabani,41.6951119899276,45.0922485752366,"Euro Diesel, Euro Regular, G-Force Euro Diesel, G-Force Premium",Coffee,,,
GULF_5821,Gulf,Gulf + • Gorgasali,"Tbilisi, Vakhtang Gorgsali Str. #117",Tbilisi,41.6697819743121,44.8523600000004,"Euro Regular, G-Force Euro Diesel, G-Force Premium",Coffee,,,
GULF_5682,Gulf,Gulf + • Gori Kipiani,"Gori, Kipiani and Tkviavi street crossing",Gori,41.9945359565713,44.10785,"Euro Regular, G-Force Euro Diesel, G-Force Premium","CNG Station, Coffee",,,
GULF_5848,Gulf,Gulf + • Gori Kipiani,"Gori, Kipiani and Tkviavi street crossing",Gori,41.9945359565713,44.10785,"Euro Regular, G-Force Euro Diesel, G-Force Premium",Coffee,,,
GULF_5683,Gulf,Gulf + • Gori Kipiani,"Gulf + • Gori Kipiani • 
Gori Kipiani, Kipiani and Tkviavi street crossing.
(Self Service)","Gulf + • Gori Kipiani • 
Gori Kipiani",41.994461,44.107861,"Euro Diesel, Euro Regular, G-Force Premium",CNG Station,,,
GULF_5847,Gulf,Gulf + • Gori tsikheebi,"Gori, Gogebashvili Str. #2",Gori,41.9873238324809,44.1100429389905,"Euro Regular, G-Force Euro Diesel, G-Force Premium",Coffee,,,
GULF_5822,Gulf,Gulf + • Gulua,"Tbilisi, Gulua Str.",Tbilisi,41.6766141651757,44.8304185443765,"Euro Diesel, Euro Regular, G-Force Euro Diesel, G-Force Premium","Coffee, Hot Dog",,,
GULF_5843,Gulf,Gulf + • Gurjaani,"Gurjaani, Chumlaki",Gurjaani,41.7601120664246,45.7727592653801,"Euro Diesel, Euro Regular, G-Force Euro Diesel, G-Force Premium",Coffee,,,
GULF_5824,Gulf,Gulf + • Irao,"Tbilisi, Tskalsadeni Str. #13",Tbilisi,41.7856039574458,44.7942407099649,"Euro Regular, G-Force Euro Diesel, G-Force Premium",Coffee,,,
GULF_5850,Gulf,Gulf + • Kaspi,"Kaspi, Aghmashenebeli Str. #15a",Kaspi,41.9472337793921,44.4235992809288,"Euro Diesel, Euro Regular, G-Force Euro Diesel, G-Force Premium","Coffee, Hot Dog, Sandwich",,,
GULF_5827,Gulf,Gulf + • Kavtaradze,"Kavtaradze, Petre Kavtaradze Str. #7",Kavtaradze,41.7225880334046,44.7377107259195,"Euro Diesel, Euro Regular, G-Force Euro Diesel, G-Force Premium",Coffee,,,
GULF_5846,Gulf,Gulf + • Khashuri,"Kashuri, Stalini Str. #148",Kashuri,41.986157735256,43.5967592696585,"Euro Diesel, Euro Regular, G-Force Euro Diesel, G-Force Premium","Coffee, Hot Dog",,,
GULF_5816,Gulf,Gulf + • Kobuleti,Kobuleti Rustaveli Str. #170,,41.8415379231072,41.7808800000002,"Euro Diesel, Euro Regular, G-Force Euro Diesel, G-Force Premium","Coffee, Hot Dog",,,
GULF_5838,Gulf,Gulf + • Kumisi,"Gardabani, Kumisi",Gardabani,41.6180960541136,44.7939014142169,"Euro Regular, G-Force Euro Diesel, G-Force Premium","Coffee, Hot Dog",,,
GULF_5831,Gulf,Gulf + • Kutaisi Chavchavadze,"Kutaisi, I. Chavchavadze #8 and L. Asatiani #98 Street crossing",Kutaisi,42.2498641241732,42.6891521711677,"Euro Diesel, Euro Regular, G-Force Euro Diesel, G-Force Premium","Coffee, Hot Dog",,,
GULF_5833,Gulf,Gulf + • Kutaisi totali,"Kutaisi, Tsereteli str. #222a.",Kutaisi,42.2466794108648,42.7095214549425,"Euro Regular, G-Force Euro Diesel, G-Force Premium","Coffee, Hot Dog, Sandwich",,,
GULF_5832,Gulf,Gulf + • Kvitiri,"Tskaltubo District, Village Kvitiri",Tskaltubo District,42.2258633469115,42.5903614712993,"Euro Diesel, Euro Regular, G-Force Euro Diesel, G-Force Premium","Coffee, Hot Dog",,,
GULF_5826,Gulf,Gulf + • Lubliana,"Tbilisi, Lubliana Str. #68",Tbilisi,41.7797020015089,44.7746921855253,"Euro Regular, G-Force Euro Diesel, G-Force Premium",Coffee,,,
GULF_5812,Gulf,Gulf + • Niazi,"Batumi, Leonidze Str. #9",Batumi,41.6266760881858,41.6257507193537,"Euro Regular, G-Force Euro Diesel, G-Force Premium","Coffee, Hot Dog, Sandwich",,,
GULF_5828,Gulf,Gulf + • Orkhevi,"Tbilisi, Orkhevi",Tbilisi,41.6880862795365,44.9201592652709,"Euro Regular, G-Force Euro Diesel, G-Force Premium",Coffee,,,
GULF_5839,Gulf,Gulf + • Patardzeuli,"Sagarejo, Patardzeuli",Sagarejo,41.72812,45.257603,"Euro Regular, G-Force Euro Diesel, G-Force Premium","Coffee, Hot Dog",,,
GULF_5841,Gulf,Gulf + • Ponichala,"Tbilisi, Rustavi Highway #18/22",Tbilisi,41.6530199999952,44.904757819553,"Euro Regular, G-Force Euro Diesel, G-Force Premium",Coffee,,,
GULF_5660,Gulf,Gulf + • Poti,"Poti, Larnaka Str.",Poti,42.1624759130781,41.6822392659698,"Euro Diesel, Euro Regular, G-Force Euro Diesel, G-Force Premium","CNG Station, Coffee, Hot Dog",,,
GULF_5815,Gulf,Gulf + • Poti,"Poti, Larnaka Str.",Poti,42.1624759130781,41.6822392659698,"Euro Diesel, Euro Regular, G-Force Euro Diesel, G-Force Premium","Coffee, Hot Dog",,,
GULF_5659,Gulf,Gulf + • Poti Larnaka,"Gulf + • Poti Larnaka • 
Poti, Larnaka Str.
(Self Service)","Gulf + • Poti Larnaka • 
Poti",42.1625,41.682334,"Euro Diesel, Euro Regular, G-Force Euro Diesel, G-Force Premium",CNG Station,,,
GULF_5814,Gulf,Gulf + • Poti albatros,"Poti, Rekvava Str. #9",Poti,42.1490379526745,41.6751707265398,"Euro Regular, G-Force Euro Diesel, G-Force Premium","Coffee, Hot Dog, Sandwich",,,
GULF_5842,Gulf,Gulf + • Rustavi Kalaki,"Rustavi, VII Block, #3 Prof.Collage",Rustavi,41.5647162680578,44.9743307220866,"Euro Diesel, Euro Regular, G-Force Euro Diesel, G-Force Premium","Coffee, Hot Dog",,,
GULF_5845,Gulf,Gulf + • Sachkhere merjevi,"Sachkhere, Ivantsminda village, first Str, #31",Sachkhere,42.3210850439103,43.4402062811823,"Euro Diesel, Euro Regular, G-Force Euro Diesel, G-Force Premium","Coffee, Hot Dog, Sandwich",,,
GULF_5662,Gulf,Gulf + • Samtredia,"Gulf + • Samtredia •
Tamar Mepe Str. #13
(Self Service)",,42.159963,42.337067,"Euro Diesel, Euro Regular, G-Force Premium",CNG Station,,,
GULF_5661,Gulf,Gulf + • Samtredia Tamar mepe,"Samtredia, Tamar Mepe Str. #13",Samtredia,42.1599656093931,42.3371199999999,"Euro Regular, G-Force Euro Diesel, G-Force Premium","CNG Station, Coffee, Hot Dog",,,
GULF_5829,Gulf,Gulf + • Samtredia Tamar mepe,"Samtredia, Tamar Mepe Str. #13",Samtredia,42.1599656093931,42.3371199999999,"Euro Regular, G-Force Euro Diesel, G-Force Premium","Coffee, Hot Dog",,,
GULF_5813,Gulf,Gulf + • Senaki,"Senaki, Mshvidoba Str #172",Senaki,42.2665279455084,42.0697792631764,"Euro Diesel, Euro Regular, G-Force Euro Diesel, G-Force Premium","Coffee, Hot Dog, Sandwich",,,
GULF_5840,Gulf,Gulf + • Telavi centri,"Telavi, Aghmashenebeli Str. #64",Telavi,41.9258656978407,45.4669099999998,"Euro Regular, G-Force Euro Diesel, G-Force Premium","Coffee, Hot Dog",,,
GULF_5837,Gulf,Gulf + • Telavi civi,"Telavi, Davitashvili Str. #26",Telavi,41.9185959304654,45.4947607379695,"Euro Regular, G-Force Euro Diesel, G-Force Premium","Service Center, Coffee",,,
GULF_5830,Gulf,Gulf + • Tkibuli Express,"Tkibuli, Rustaveli Str. #10",Tkibuli,42.361216,43.002699,"Euro Diesel, Euro Regular, G-Force Euro Diesel, G-Force Premium","Coffee, Hot Dog, Sandwich",,,
GULF_5810,Gulf,Gulf + • Ulevi,"Zugdidi, Ninoshvili Str. #2",Zugdidi,42.5079254207962,41.8788192601328,"Euro Diesel, Euro Regular, G-Force Euro Diesel, G-Force Premium","Coffee, Hot Dog, Sandwich",,,
GULF_5773,Gulf,Gulf + • Varketili,"Gulf + • Varketili • 
Tbilisi, Javakheti Str. #50
(Self Service)","Gulf + • Varketili • 
Tbilisi",41.6848291,44.8694381,"Euro Diesel, G-Force Euro Diesel, G-Force Premium",CNG Station,,,
GULF_5772,Gulf,Gulf + • Varketili javakheti,"Tbilisi, Javakheti Str. #14",Tbilisi,41.6849641649885,44.8698385203876,"Euro Regular, G-Force Euro Diesel, G-Force Premium","CNG Station, Coffee",,,
GULF_5825,Gulf,Gulf + • Varketili javakheti,"Tbilisi, Javakheti Str. #14",Tbilisi,41.6849641649885,44.8698385203876,"Euro Regular, G-Force Euro Diesel, G-Force Premium",Coffee,,,
GULF_5818,Gulf,Gulf + • Zugdidi,"Zugdidi, Gamsakhurdia Str. #204",Zugdidi,42.4916395593244,41.8614885404832,"Euro Regular, G-Force Euro Diesel, G-Force Premium",Coffee,,,
GULF_5811,Gulf,Gulf + • Zugdidi rustaveli,"Zugdidi, Rustaveli Str. #354",Zugdidi,42.500095831454,41.839790736448,"Euro Regular, G-Force Euro Diesel, G-Force Premium",Coffee,,,
GULF_5834,Gulf,Gulf + • akhmeta kalaki,"Akhmeta, Sanapiro Str. #1b",Akhmeta,42.0264196572388,45.2306614467845,"Euro Regular, G-Force Euro Diesel, G-Force Premium","Coffee, Hot Dog, Sandwich",,,
GULF_5874,Gulf,Guramishvili,"Tbilisi, Guramishvili Avenue, Industrial Association, adjacent to the Elmavalshenebeli factory",Tbilisi,41.778091994809,44.7955307346912,"Euro Diesel, Euro Regular, G-Force Euro Diesel, G-Force Euro Regular, G-Force Premium","Coffee, Hot Dog, Sandwich",,,
GULF_5898,Gulf,Ianeti,"Samtredia district, village Ianeti",Samtredia district,42.1769366903103,42.4403443408453,"Euro Diesel, Euro Regular, G-Force Euro Diesel, G-Force Euro Regular, G-Force Premium, G-Force Super","Coffee, Hot Dog, Sandwich",,,
GULF_5881,Gulf,Ipodrom,"Tbilisi, Mikheil Tamarashvili Street, #6b",Tbilisi,41.7210499999992,44.7459292459172,"Euro Diesel, Euro Regular, G-Force Euro Diesel, G-Force Euro Regular, G-Force Premium","Coffee, Hot Dog, Sandwich",,,
GULF_5892,Gulf,Joker,"Tbilisi, Dimitri Gulia Street, #22",Tbilisi,41.6764580125844,44.83576,"Euro Diesel, Euro Regular, G-Force Euro Diesel, G-Force Euro Regular, G-Force Premium","Coffee, Hot Dog, Sandwich",,,
GULF_5909,Gulf,Kachreti,"Gurjaani district, village Kachreti",Gurjaani district,41.6380319821882,45.6791070871663,"Euro Diesel, Euro Regular, G-Force Euro Diesel, G-Force Euro Regular, G-Force Premium","Coffee, Hot Dog, Sandwich",,,
GULF_5692,Gulf,Kaspi optima,"Kaspi, Agmashenebeli Str. #168",Kaspi,41.9410279827743,44.4211507319434,"Euro Diesel, Euro Regular, G-Force Euro Diesel, G-Force Euro Regular, G-Force Premium",,,,
GULF_5928,Gulf,Khashuri,"Khashuri, Stalini Str.",Khashuri,41.9899294197783,43.6140376856931,"CNG, Euro Diesel, Euro Regular, G-Force Euro Diesel, G-Force Euro Regular, G-Force Premium","Service Center, Coffee, Hot Dog, Sandwich",,,
GULF_5864,Gulf,Khobi,"Khobi, Village Pirveli Maisi",Khobi,42.3354873471857,41.8713299999996,"Euro Diesel, Euro Regular, G-Force Euro Diesel, G-Force Euro Regular, G-Force Premium, G-Force Super","Coffee, Hot Dog, Sandwich",,,
GULF_5740,Gulf,Khosharauli,"Tbilisi, Rafael Agladze Street #37",Tbilisi,41.7345700000001,44.779569260079,"Euro Diesel, Euro Regular, G-Force Euro Diesel, G-Force Euro Regular, G-Force Premium, G-Force Super",,,,
GULF_5741,Gulf,"Khosharauli, Raphael Agladze Str. 37","Khosharauli, Raphael Agladze Str. #37",Khosharauli,41.73452898517,44.779605593911,"Euro Diesel, Euro Regular, G-Force Euro Diesel, G-Force Euro Regular, G-Force Premium, G-Force Super",,,,
GULF_5891,Gulf,Khudadovi,"Tbilisi,  Khudadov and Chodrishvili intersection #4",Tbilisi,41.729402,44.827062,"Euro Diesel, Euro Regular, G-Force Euro Diesel, G-Force Euro Regular, G-Force Premium","Coffee, Hot Dog, Sandwich",,,
GULF_5644,Gulf,Kutaisi 9 April,"Kutaisi, 9 April Str. #2a",Kutaisi,42.260016,42.664958,"Euro Diesel, Euro Regular, G-Force Euro Diesel, G-Force Euro Regular, G-Force Premium",,,,
GULF_5906,Gulf,Kutaisi 9 aprili,"Kutaisi, 9 April Str. #2a",Kutaisi,42.2599105048875,42.6653207411046,"Euro Diesel, Euro Regular, G-Force Euro Diesel, G-Force Euro Regular, G-Force Premium",Coffee,,,
GULF_5918,Gulf,Kvareli,"Kvareli, Meurneoba Settlement",Kvareli,41.9298319488291,45.8237414720354,"Euro Diesel, Euro Regular, G-Force Euro Diesel, G-Force Euro Regular, G-Force Premium, G-Force Super","Coffee, Hot Dog, Sandwich",,,
GULF_5910,Gulf,Lagodekhi,"Lagodekhi, Vil. Shroma",Lagodekhi,41.825138262388,46.2634751581372,"Euro Diesel, Euro Regular, G-Force Euro Diesel, G-Force Euro Regular, G-Force Premium","Service Center, Coffee, Hot Dog, Sandwich",,,
GULF_5754,Gulf,Laguna vere,Laguna vere,,41.712211673842,44.786075082056,"Euro Diesel, Euro Regular, G-Force Euro Diesel, G-Force Euro Regular, G-Force Premium, G-Force Super",,,,
GULF_5868,Gulf,Lermontovi 2,"Batumi, Lermontovi Str. #86",Batumi,41.6358959304288,41.6299514701176,"Euro Diesel, Euro Regular, G-Force Euro Diesel, G-Force Euro Regular, G-Force Premium","Coffee, Hot Dog, Sandwich",,,
GULF_5855,Gulf,Lia,"Zugdidi, Village Lia",Zugdidi,42.6509820952101,42.0004614951647,"Euro Diesel, Euro Regular, G-Force Euro Diesel, G-Force Euro Regular, G-Force Premium","Coffee, Hot Dog, Sandwich",,,
GULF_5883,Gulf,Lilo,"On the Kakheti highway, near Saknavtobi",On the Kakheti highway,41.6920360350494,44.9850085263232,"Euro Diesel, Euro Regular, G-Force Euro Diesel, G-Force Euro Regular, G-Force Premium","Coffee, Hot Dog, Sandwich",,,
GULF_5912,Gulf,Marneuli kalaki,"Marneuli, 26 May Str.",Marneuli,41.4933799999992,44.8025592720859,"Euro Diesel, Euro Regular, G-Force Euro Diesel, G-Force Euro Regular, G-Force Premium","Service Center, Coffee, Hot Dog, Sandwich",,,
GULF_5911,Gulf,Marneuli sadakhlo,"Marneuli district, 3rd km of the Sadakhlo Armenian border road",Marneuli district,41.4598499999953,44.8096978307472,"Euro Diesel, Euro Regular, G-Force Euro Diesel, G-Force Euro Regular, G-Force Premium","Coffee, Hot Dog, Sandwich",,,
GULF_5856,Gulf,Martvili,"Martvili, Rustaveli Str. 1",Martvili,42.4135979209618,42.3776499999996,"Euro Diesel, Euro Regular, G-Force Euro Diesel, G-Force Euro Regular, G-Force Premium","Service Center, Coffee, Hot Dog, Sandwich",,,
GULF_5884,Gulf,Melanji,"Tbilisi, beginning of V. Bagrationi Street",Tbilisi,41.7262319941801,44.7840985462724,"Euro Diesel, Euro Regular, G-Force Euro Diesel, G-Force Euro Regular, G-Force Premium, G-Force Super","Coffee, Hot Dog, Sandwich",,,
GULF_5925,Gulf,Narekvavi avtobani,"Mtskheta, Narekvavi",Mtskheta,41.8852199829838,44.7169692588706,"Euro Diesel, Euro Regular, G-Force Euro Diesel, G-Force Euro Regular, G-Force Premium","Coffee, Hot Dog, Sandwich",,,
GULF_5924,Gulf,Natakhtari,"Mtskheta, village Misaktsieli area",Mtskheta,41.9018859917935,44.7211099999998,"Euro Diesel, Euro Regular, G-Force Euro Diesel, G-Force Euro Regular, G-Force Premium","Coffee, Hot Dog, Sandwich",,,
GULF_5899,Gulf,Nikea,"Kutaisi, Nikea Str. #19a",Kutaisi,42.2344540866893,42.6920292535801,"Euro Diesel, Euro Regular, G-Force Euro Diesel, G-Force Euro Regular, G-Force Premium","Service Center, Coffee, Hot Dog, Sandwich",,,
GULF_5900,Gulf,Nikea Express,"Kutaisi, Street Nikea, #12a",Kutaisi,42.2442720511389,42.6926299999998,"Euro Diesel, Euro Regular, G-Force Euro Diesel, G-Force Euro Regular, G-Force Premium","Coffee, Hot Dog, Sandwich",,,
GULF_5885,Gulf,Nutsubidze,"Tbilisi, Besarion Zhgenti Street, #10",Tbilisi,41.7275919771173,44.7241907499556,"Euro Diesel, Euro Regular, G-Force Euro Diesel, G-Force Euro Regular, G-Force Premium, G-Force Super","Coffee, Hot Dog, Sandwich",,,
GULF_5774,Gulf,Ortachala,Ortachala,,41.681916361525,44.826694455378,"Euro Diesel, Euro Regular, G-Force Euro Diesel, G-Force Euro Regular, G-Force Premium",Coffee,,,
GULF_5775,Gulf,Ortachala,"Tbilisi,  adjacent to the access road to the car wash on Didi Kheivani Street",Tbilisi,41.681811984684,44.8267407321715,"Euro Diesel, Euro Regular, G-Force Euro Diesel, G-Force Euro Regular, G-Force Premium","Coffee, Hot Dog, Sandwich",,,
GULF_5886,Gulf,Ortachala,"Tbilisi,  adjacent to the access road to the car wash on Didi Kheivani Street",Tbilisi,41.681811984684,44.8267407321715,"Euro Diesel, Euro Regular, G-Force Euro Diesel, G-Force Euro Regular, G-Force Premium","Coffee, Hot Dog, Sandwich",,,
GULF_5887,Gulf,Piki,Kakheti Highway,,41.6877959964671,44.8462307102964,"Euro Diesel, Euro Regular, G-Force Euro Diesel, G-Force Euro Regular, G-Force Premium","Coffee, Hot Dog, Sandwich",,,
GULF_5751,Gulf,Pointer,"Tbilisi, Mikheil Tamarashvili street #13p",Tbilisi,41.7216219885716,44.7463192663901,"Euro Diesel, Euro Regular, G-Force Euro Diesel, G-Force Euro Regular, G-Force Premium, G-Force Super",,,,
GULF_5750,Gulf,"Pointer, Tamarashvili Str. Near Ipodrom","Pointer, Tamarashvili Str. Near Ipodrom",Pointer,41.721646,44.746185,"Euro Diesel, Euro Regular, G-Force Euro Diesel, G-Force Euro Regular, G-Force Premium, G-Force Super",,,,
GULF_5858,Gulf,Poti,"Poti, Village Little Poti",Poti,42.1897217680292,41.7081807190425,"Euro Diesel, Euro Regular, G-Force Euro Diesel, G-Force Euro Regular, G-Force Premium","Service Center, Coffee, Hot Dog, Sandwich",,,
GULF_5859,Gulf,Potioil,"Poti, Larnaka Str.",Poti,42.1585341026465,41.6842999999994,"Euro Diesel, Euro Regular, G-Force Euro Diesel, G-Force Euro Regular, G-Force Premium, G-Force Super",Coffee,,,
GULF_5926,Gulf,Qareli,"Kareli Municipality, Bebnisi Village, 1st Street,  #5",Kareli Municipality,42.031101120933,43.902356949083,"Euro Diesel, Euro Regular, G-Force Euro Diesel, G-Force Euro Regular, G-Force Premium","Coffee, Hot Dog, Sandwich",,,
GULF_5927,Gulf,Qvishkheti,"Khashuri Municipality, Khashuri-Borjomi, on the left of the 7th km of the Akhaltsikhe highway",Khashuri Municipality,41.9656879797188,43.5201507319867,"Euro Diesel, Euro Regular, G-Force Euro Diesel, G-Force Euro Regular, G-Force Premium",Coffee,,,
GULF_5803,Gulf,"Rustavi Shartava, Shartava/Meskhishvili","Rustavi Shartava, Shartava/Meskhishvili",Rustavi Shartava,41.563068991575,44.978979554404,"Euro Diesel, Euro Regular, G-Force Euro Diesel, G-Force Euro Regular, G-Force Premium, G-Force Super",Coffee,,,
GULF_5913,Gulf,Rustavi grandi,"Rustavi, Megrobroba ave. #32",Rustavi,41.5612160577524,44.97896146049,"Euro Diesel, Euro Regular, G-Force Euro Diesel, G-Force Euro Regular, G-Force Premium","Coffee, Hot Dog, Sandwich",,,
GULF_5915,Gulf,Rustavi mshenebelta,"Rustavi, Mshnebelata Street, adjacent area of the forest park",Rustavi,41.5447398449747,45.0035678009289,"Euro Diesel, Euro Regular, G-Force Euro Diesel, G-Force Euro Regular, G-Force Premium","Coffee, Hot Dog, Sandwich",,,
GULF_5914,Gulf,Rustavi shartava,"Rustavi Shartava, Shartava/Meskhishvili",Rustavi Shartava,41.5631120672501,44.9789499999997,"Euro Diesel, Euro Regular, G-Force Euro Diesel, G-Force Euro Regular, G-Force Premium, G-Force Super","Coffee, Hot Dog, Sandwich",,,
GULF_5802,Gulf,Rustavi shartava,"Rustavi Shartava, Shartava/Meskhishvili",Rustavi Shartava,41.5631120672501,44.9789499999997,"Euro Diesel, Euro Regular, G-Force Euro Diesel, G-Force Euro Regular, G-Force Premium, G-Force Super","Coffee, Hot Dog, Sandwich",,,
GULF_5749,Gulf,"Sagaredzho Satave, Kakheti Highway 16 km.","Sagaredzho Satave, Kakheti Highway 16 km.",Sagaredzho Satave,41.722299,45.34877,"Euro Diesel, Euro Regular, G-Force Euro Diesel, G-Force Euro Regular, G-Force Premium",Coffee,,,
GULF_5916,Gulf,Sagarejo satave,"Gurjaani district, village Kachreti",Gurjaani district,41.6380319829947,45.6791714542742,"Euro Diesel, Euro Regular, G-Force Euro Diesel, G-Force Euro Regular, G-Force Premium","Coffee, Hot Dog, Sandwich",,,
GULF_5787,Gulf,Sagarejo satave,"Gurjaani district, village Kachreti",Gurjaani district,41.6380319829947,45.6791714542742,"Euro Diesel, Euro Regular, G-Force Euro Diesel, G-Force Euro Regular, G-Force Premium","Coffee, Hot Dog, Sandwich",,,
GULF_5901,Gulf,Sajavakho,"Samtredia district, village Sajavakho",Samtredia district,42.1033359415372,42.2928600000001,"Euro Diesel, Euro Regular, G-Force Euro Diesel, G-Force Euro Regular, G-Force Premium",Coffee,,,
GULF_5888,Gulf,Sanapiro,"Tbilisi, Zviad Gamsakhurdia embankment, #104",Tbilisi,41.7092345940436,44.7895454685868,"Euro Diesel, Euro Regular, G-Force Euro Diesel, G-Force Euro Regular, G-Force Premium, G-Force Super","Coffee, Hot Dog, Sandwich",,,
GULF_5757,Gulf,"Sanapiro, The Right Side of Mtkvari, Near The Former Auto Station","Sanapiro, The Right Side of Mtkvari, Near The Former Auto Station",Sanapiro,41.709296318156,44.789629008999,"Euro Diesel, Euro Regular, G-Force Euro Diesel, G-Force Euro Regular, G-Force Premium, G-Force Super",Coffee,,,
GULF_5889,Gulf,Sarajishvili,"Tbilisi, Davit Guramishvili Avenue, #51",Tbilisi,41.7842140175603,44.7999700000001,"Euro Diesel, Euro Regular, G-Force Euro Regular, G-Force Premium",Coffee,,,
GULF_5722,Gulf,Sarajishvili,"Tbilisi, Davit Guramishvili Avenue, #51",Tbilisi,41.7842140175603,44.7999700000001,"Euro Diesel, Euro Regular, G-Force Euro Regular, G-Force Premium",Coffee,,,
GULF_5721,Gulf,"Sarajishvili. Tbilisi, Davit Guramishvili Ave. N51","Sarajishvili. Tbilisi, Davit Guramishvili Ave. N51",Sarajishvili. Tbilisi,41.784252,44.799912,"Euro Diesel, Euro Regular, G-Force Euro Regular, G-Force Premium",,,,
GULF_5917,Gulf,Sartichala,"Gardabani, village Sartichala",Gardabani,41.711308007287,45.15186,"Euro Diesel, Euro Regular, G-Force Euro Diesel, G-Force Euro Regular, G-Force Premium","Coffee, Hot Dog, Sandwich",,,
GULF_5902,Gulf,Siktarva,"Terjola district, village Siktarva",Terjola district,42.173951507822,42.9340472469401,"Euro Diesel, Euro Regular, G-Force Euro Diesel, G-Force Euro Regular, G-Force Premium, G-Force Super","Coffee, Hot Dog, Sandwich",,,
GULF_5666,Gulf,"Tao, Kostava Str. 47","Tao, Kostava Str. #47",Tao,42.15585152528,42.30451407694,"Diesel Euro, Euro Regular, G-Force Euro Diesel, G-Force Euro Regular, G-Force Premium",,,,
GULF_5908,Gulf,Telavi civi 2,"Telavi, Rustaveli Str. #128",Telavi,41.9188499152684,45.497560728588,"Euro Diesel, Euro Regular, G-Force Euro Diesel, G-Force Euro Regular, G-Force Premium, G-Force Super","Coffee, Hot Dog, Sandwich",,,
GULF_5862,Gulf,Tsalenjikha Tsminda nino,Tsalenjikha. Tsminda Nino Str.,,42.6129225826517,42.0742128889671,"Euro Diesel, Euro Regular, G-Force Euro Diesel, G-Force Euro Regular, G-Force Premium","Coffee, Hot Dog",,,
GULF_5930,Gulf,Tserovani,"Mtskheta district, Tserovani Village",Mtskheta district,41.8943586264636,44.7110430617564,"Euro Diesel, Euro Regular, G-Force Euro Diesel, G-Force Euro Regular, G-Force Premium","Coffee, Hot Dog, Sandwich",,,
GULF_5857,Gulf,Ureki,"Ureki, Village Tskaltsminda",Ureki,42.0078298783896,41.780310733654,"Euro Diesel, Euro Regular, G-Force Euro Diesel, G-Force Euro Regular, G-Force Premium, G-Force Super","Coffee, Hot Dog, Sandwich",,,
GULF_5690,Gulf,"Ureki, Village Tskaltsminda","Ureki, Village Tskaltsminda",Ureki,41.949875217455,41.778921809428,"Euro Diesel, Euro Regular, G-Force Euro Diesel, G-Force Euro Regular, G-Force Premium, G-Force Super",Coffee,,,
GULF_5907,Gulf,Vardisubani,"Telavi, Village Vardisubani",Telavi,41.9272680769278,45.45625,"Euro Diesel, Euro Regular, G-Force Euro Diesel, G-Force Euro Regular, G-Force Premium",Coffee,,,
GULF_5878,Gulf,Varketili,"Tbilisi, between Varketili-3 and Vazisubani settlements",Tbilisi,41.7000580147568,44.8705492655305,"Euro Diesel, Euro Regular, G-Force Euro Diesel, G-Force Euro Regular, G-Force Premium","Coffee, Hot Dog",,,
GULF_5879,Gulf,Vekua,"Tbilisi, Vekua Str. #2",Tbilisi,41.7906599999995,44.8142192742477,"Euro Diesel, Euro Regular, G-Force Euro Diesel, G-Force Euro Regular, G-Force Premium",Coffee,,,
GULF_5897,Gulf,Zestafoni,"Zestafoni, tamar mepe Str. #89",Zestafoni,42.1135760791291,43.0298892512248,"Euro Diesel, Euro Regular, G-Force Euro Diesel, G-Force Euro Regular, G-Force Premium",Coffee,,,
GULF_5718,Gulf,Zigzag,"Tbilisi, Irakli Kemoklidze Street #4",Tbilisi,41.7862468451069,44.7949547778029,"Euro Diesel, Euro Regular, G-Force Euro Diesel, G-Force Euro Regular, G-Force Premium","Coffee, Hot Dog, Sandwich",,,
GULF_5880,Gulf,Zigzag,"Tbilisi, Irakli Kemoklidze Street #4",Tbilisi,41.7862468451069,44.7949547778029,"Euro Diesel, Euro Regular, G-Force Euro Diesel, G-Force Euro Regular, G-Force Premium","Coffee, Hot Dog, Sandwich",,,
GULF_5717,Gulf,"Zigzagi, Tskalsadeni 13","Zigzagi, Tskalsadeni Str. #13",Zigzagi,41.786282572616,44.795199957124,"Euro Diesel, Euro Regular, G-Force Euro Diesel, G-Force Euro Regular, G-Force Premium",Coffee,,,
GULF_5863,Gulf,Zugdidi chitatskari,"Zugdidi, Chitatskari",Zugdidi,42.4843395185918,41.8500864126883,"Euro Diesel, Euro Regular, G-Force Euro Diesel, G-Force Euro Regular, G-Force Premium","Service Center, Coffee, Hot Dog, Sandwich",,,
GULF_5854,Gulf,Zugdidi kalaki,"Zugdidi City, Kostava Str. #110",Zugdidi City,42.5136754148838,41.8726992602906,"Euro Diesel, Euro Regular, G-Force Euro Diesel, G-Force Euro Regular, G-Force Premium","Coffee, Hot Dog, Sandwich",,,
GULF_5866,Gulf,batumi aeroporti,"Batumi, Airport Highway #175",Batumi,41.6109641415749,41.6133092764372,"Euro Diesel, Euro Regular, G-Force Euro Diesel, G-Force Euro Regular, G-Force Premium","Coffee, Hot Dog, Sandwich",,,
GULF_5865,Gulf,batumi bagrationi,"Batumi, Bagrationi #198",Batumi,41.6321599999977,41.6170914604218,"Euro Diesel, Euro Regular, G-Force Euro Diesel, G-Force Euro Regular, G-Force Premium, G-Force Super","Coffee, Hot Dog, Sandwich",,,
GULF_5919,Gulf,koda,"Tetritskaro district, village Koda",Tetritskaro district,41.5740419784719,44.7745350576344,"Euro Diesel, Euro Regular, G-Force Euro Diesel, G-Force Euro Regular, G-Force Premium, G-Force Super","Coffee, Hot Dog, Sandwich",,,
GULF_5905,Gulf,kutaisi avtobani,Kutaisi Autobahn. Village Simoneti,,42.2034535407644,42.8464420560654,"Euro Diesel, Euro Regular, G-Force Euro Diesel, G-Force Euro Regular, G-Force Premium, G-Force Super","Coffee, Hot Dog, Sandwich",,,
GULF_5904,Gulf,tskaltubo,"Tskaltubo, Deda-Ena street, near 'Cold Lake'",Tskaltubo,42.3284979227353,42.6082128664037,"Euro Diesel, Euro Regular, G-Force Euro Diesel, G-Force Euro Regular, G-Force Premium","Coffee, Hot Dog, Sandwich",,,
LUKOIL_54,Lukoil,"Adigeni District, Village Arali",Village Arali,Adigeni District,41.6471025313074,42.8402506564727,,,,,Franchise
LUKOIL_53,Lukoil,"Adigeni District, Village Arali, near Vale Customs Point","Village Arali, near Vale Customs Point",Adigeni District,41.5935549167780,42.8244218666155,,,,,Franchise
LUKOIL_36,Lukoil,"Akhalkalaki, Agmashenebeli St. 2",Agmashenebeli St. 2,Akhalkalaki,41.3970335184020,43.4886390156304,,,,,Own
LUKOIL_45,Lukoil,"Akhaltsikhe, Abastumani Highway",Abastumani Highway,Akhaltsikhe,41.6415303190807,42.9801259568004,,,,,Franchise
LUKOIL_26,Lukoil,"Ambrolauri, Vazha-Pshavela St. 9",Vazha-Pshavela St. 9,Ambrolauri,42.5265092921994,43.1501294381351,,,,,Own
LUKOIL_28,Lukoil,"Bakuriani, Borjomi St.",Borjomi St.,Bakuriani,41.7564657332294,43.5271770582771,,,,,Own
LUKOIL_49,Lukoil,"Batumi, Bako St.",Bako St.,Batumi,41.6494936751923,41.6641171352399,,,,,Franchise
LUKOIL_21,Lukoil,"Batumi, Gogoli St.",Gogoli St.,Batumi,41.6440909743115,41.6672524763233,,,,,Own
LUKOIL_20,Lukoil,"Batumi, Shavsheti St. 25A",Shavsheti St. 25A,Batumi,41.6415006232484,41.6516337126284,,,,,Own
LUKOIL_22,Lukoil,"Batumi, Village Angisa",Village Angisa,Batumi,41.6311136167761,41.6129829792392,,,,,Own
LUKOIL_48,Lukoil,"Batumi, Village Gonio",Village Gonio,Batumi,41.5540550279790,41.5651856175597,,,,,Franchise
LUKOIL_25,Lukoil,"Chiatura, Mghvimevi St. 4B",Mghvimevi St. 4B,Chiatura,42.2950528124502,43.2975293638901,,,,,Own
LUKOIL_29,Lukoil,"Gori, Tskhinvali Highway 2",Tskhinvali Highway 2,Gori,41.9972073130429,44.1116907211841,,,,,Own
LUKOIL_38,Lukoil,"Kaspi District, Village Okami",Village Okami,Kaspi District,41.9493914939863,44.4991131898556,,,,,Own
LUKOIL_27,Lukoil,"Khashuri, Stalin St. 145",Stalin St. 145,Khashuri,41.9861226245776,43.5942799816665,,,,,Own
LUKOIL_35,Lukoil,"Khoni, Chanturia St. 153",Chanturia St. 153,Khoni,42.3088752621005,42.4398198303331,,,,,Own
LUKOIL_33,Lukoil,"Kobuleti, M. Abashidze St. 14",M. Abashidze St. 14,Kobuleti,41.8068882060937,41.7778338594943,,,,,Own
LUKOIL_37,Lukoil,"Kutaisi, L. Asatiani St. 98",L. Asatiani St. 98,Kutaisi,42.2496683046452,42.6911930189991,,,,,Own
LUKOIL_40,Lukoil,"Kutaisi, Sulkhan-Saba",Sulkhan-Saba,Kutaisi,42.2439049950426,42.6680112476619,,,,,Own
LUKOIL_50,Lukoil,"Marneuli, 26 May St.",26 May St.,Marneuli,41.4868602241804,44.7982565431873,,,,,Franchise
LUKOIL_52,Lukoil,"Marneuli, 26 May St.",26 May St.,Marneuli,41.4868324593325,44.7982555404123,,,,,Franchise
LUKOIL_46,Lukoil,"Martvili, Mshvidobis (Peace) St. 115",Mshvidobis (Peace) St. 115,Martvili,42.4031933934165,42.3666122610178,,,,,Franchise
LUKOIL_39,Lukoil,"Mtskheta District, Village Misaktsieli",Village Misaktsieli,Mtskheta District,41.9310221822915,44.7330937155314,,,,,Own
LUKOIL_34,Lukoil,"Ninotsminda, Tavisuplebis (Freedom) St. 1",Tavisuplebis (Freedom) St. 1,Ninotsminda,41.2638866828908,43.5969218831306,,,,,Own
LUKOIL_31,Lukoil,"Oni, Vakhtang VI St.",Vakhtang VI St.,Oni,42.5853482020472,43.4434843479132,,,,,Own
LUKOIL_44,Lukoil,"Ozurgeti, Kostava St. 92",Kostava St. 92,Ozurgeti,41.9316838231017,41.9883291656222,,,,,Franchise
LUKOIL_30,Lukoil,"Poti, Rustaveli Circle",Rustaveli Circle,Poti,42.1404533839885,41.6731610469454,,,,,Own
LUKOIL_19,Lukoil,"Rustavi, Rustavi Highway, km 20","Rustavi Highway, km 20",Rustavi,41.5763594678524,44.9558340316697,,,,,Own
LUKOIL_57,Lukoil,"Rustavi, Rustavi Highway, km 22","Rustavi Highway, km 22",Rustavi,41.5749267438178,44.9577291149776,,,,,Franchise
LUKOIL_23,Lukoil,"Sachkhere, Village Chikha, Tamar Mepe St. 19","Village Chikha, Tamar Mepe St. 19",Sachkhere,42.3320433475564,43.43143877679050,,,,,Own
LUKOIL_16,Lukoil,"Tbilisi, A. Tsurtsumia St. 4B",A. Tsurtsumia St. 4B,Tbilisi,41.6922310342123,44.8197933954542,,,,,Own
LUKOIL_18,Lukoil,"Tbilisi, Agmashenebeli Ave. 169",Agmashenebeli Ave. 169,Tbilisi,41.7983979970197,44.7711989057792,,,,,Own
LUKOIL_4,Lukoil,"Tbilisi, D. Agmashenebeli Ave. 1",D. Agmashenebeli Ave. 1,Tbilisi,41.7626672564162,44.7689573455266,,,,,Own
LUKOIL_2,Lukoil,"Tbilisi, D. Agmashenebeli Ave. 228",D. Agmashenebeli Ave. 228,Tbilisi,41.7993979326802,44.7699983916750,,,,,Own
LUKOIL_9,Lukoil,"Tbilisi, Gelovani Ave., near Winemaking Institute","Gelovani Ave., near Winemaking Institute",Tbilisi,41.7503310797844,44.7700128016467,,,,,Own
LUKOIL_55,Lukoil,"Tbilisi, Guramishvili Ave. 8",Guramishvili Ave. 8,Tbilisi,41.7532760772244,44.7888756212135,,,,,Franchise
LUKOIL_11,Lukoil,"Tbilisi, Guramishvili Ave., near Tsisartkela","Guramishvili Ave., near Tsisartkela",Tbilisi,41.7667439163066,44.7908557798341,,,,,Own
LUKOIL_17,Lukoil,"Tbilisi, Javakheti St. 17A",Javakheti St. 17A,Tbilisi,41.6884376108735,44.8707821989419,,,,,Own
LUKOIL_14,Lukoil,"Tbilisi, Kakheti Highway, Airport Road","Kakheti Highway, Airport Road",Tbilisi,41.6838015847413,44.8814419145330,,,,,Own
LUKOIL_5,Lukoil,"Tbilisi, Kakheti Highway, near Orkhevi Bridge","Kakheti Highway, near Orkhevi Bridge",Tbilisi,41.6895093475834,44.9152116691006,,,,,Own
LUKOIL_6,Lukoil,"Tbilisi, Kostava St. 69 - Laguna",Kostava St. 69 - Laguna,Tbilisi,41.6823067616058,44.8249991433974,,,,,Own
LUKOIL_7,Lukoil,"Tbilisi, Left Bank, near Baratashvili Bridge","Left Bank, near Baratashvili Bridge",Tbilisi,41.7255717899599,44.7837978691943,,,,,Own
LUKOIL_3,Lukoil,"Tbilisi, Mtkvari Left Bank, near Eliava Market","Mtkvari Left Bank, near Eliava Market",Tbilisi,41.7358540603101,44.7739472622826,,,,,Own
LUKOIL_1,Lukoil,"Tbilisi, Mtkvari Right Bank, near Gotua St.","Mtkvari Right Bank, near Gotua St.",Tbilisi,41.6824391215882,44.8250261134364,,,,,Own
LUKOIL_15,Lukoil,"Tbilisi, Ortachala, near School #72","Ortachala, near School #72",Tbilisi,41.6823026576398,44.8249784726311,,,,,Own
LUKOIL_10,Lukoil,"Tbilisi, Sheshelidze St. 24",Sheshelidze St. 24,Tbilisi,41.7863224556204,44.8008180062033,,,,,Own
LUKOIL_8,Lukoil,"Tbilisi, Tamarashvili St. 10G",Tamarashvili St. 10G,Tbilisi,41.7232153582136,44.7456761751463,,,,,Own
LUKOIL_13,Lukoil,"Tbilisi, Tsereteli Ave. 145",Tsereteli Ave. 145,Tbilisi,41.7508109344080,44.7777893630602,,,,,Own
LUKOIL_12,Lukoil,"Tbilisi, Tsereteli Ave. 148",Tsereteli Ave. 148,Tbilisi,41.7510686209708,44.7774404147041,,,,,Own
LUKOIL_56,Lukoil,"Tbilisi, Uridiisa and Khudadovi St. Intersection",Uridiisa and Khudadovi St. Intersection,Tbilisi,41.7294989867572,44.8270942327705,,,,,Franchise
LUKOIL_51,Lukoil,"Tbilisi, Vazissubani Settlement 25",Vazissubani Settlement 25,Tbilisi,41.6992789539504,44.8527201034304,,,,,Franchise
LUKOIL_47,Lukoil,"Telavi, Agmashenebeli Ave. 62A",Agmashenebeli Ave. 62A,Telavi,41.9253797787023,45.4687983738227,,,,,Own
LUKOIL_41,Lukoil,"Tkibuli, Tkvarcheli St. 27",Tkvarcheli St. 27,Tkibuli,42.3312247712099,42.9722228269057,,,,,Own
LUKOIL_32,Lukoil,"Zestaponi, Agmashenebeli St. 10",Agmashenebeli St. 10,Zestaponi,42.1102943004819,43.0238048540766,,,,,Own
LUKOIL_24,Lukoil,"Zestaponi, V. Staroselski St. 45",V. Staroselski St. 45,Zestaponi,42.1211620489571,43.0083576337818,,,,,Own
LUKOIL_42,Lukoil,"Zugdidi, Agmashenebeli St. 185",Agmashenebeli St. 185,Zugdidi,42.4883580820069,41.8535809458470,,,,,Own
LUKOIL_43,Lukoil,"Zugdidi, Gia Gulua St. 26",Gia Gulua St. 26,Zugdidi,42.4883594089795,41.8535823485758,,,,,Own
ROMPETROL_16,Rompetrol,Akhalkalaki,"Akhalkalaki, Agmashenebli .St #2",Samtskhe Javakheti,41.402157,43.48888,"Euro Regular 92, Efix Euro Premium 95, Efix Euro Diesel, Euro Diesel","Fill&Go, POS Terminal, Rompetrol Card, Coupons",24/7,0322 24 04 44,
ROMPETROL_32,Rompetrol,Akhaltsikhe,"Akhaltsikhe, Tamarashvili .St",Samtskhe Javakheti,41.643127,42.981815,"Euro Regular 92, Efix Euro Premium 95, Efix Euro Diesel, Euro Diesel","Fill&Go, POS Terminal, Rompetrol Card, Coupons",24/7,0322 24 04 44,
ROMPETROL_38,Rompetrol,Ambrolauri,"1 Bratislava-Racha St., Ambrolauri ",Ambrolauri,42.522648,43.148232,"Euro Regular 92, Efix Euro Premium 95, Efix Euro Diesel, Euro Diesel","Fill&Go, POS Terminal, Rompetrol Card, Coupons",24/7,0322 24 04 44,
ROMPETROL_51,Rompetrol,Audi,19th kilometer davit agmashenebeli alley,Tbilisi,41.811115,44.771259,"Efix Euro Premium 95, Efix Euro Diesel, Euro Diesel","Fill&Go, POS Terminal, Water, Rompetrol Card, Coupons",24/7,0322 24 04 44,
ROMPETROL_24,Rompetrol,Bagebi,"K. Cholokashvili Ave, Tbilisi",Tbilisi,41.709908,44.741493,"Efix Super 98, Euro Regular 92, Efix Euro Premium 95, Efix Euro Diesel","Fill&Go, POS Terminal, Rompetrol Card, Coupons",24/7,0322 24 04 44,
ROMPETROL_72,Rompetrol,Batumi 1,"Khakhule str, 8",batumi,41.620224,41.622627,"Efix Super 98, Euro Regular 92, Efix Euro Premium 95, Efix Euro Diesel, Euro Diesel","Fill&Go, POS Terminal, Rompetrol Card, Coupons, Quick Top-up Machine",24/7,0322 24 04 44,
ROMPETROL_22,Rompetrol,Batumi 2,"Batumi, Village Angisa",Batumi,41.629257,41.6059,"Efix Super 98, Euro Regular 92, Efix Euro Premium 95, Efix Euro Diesel, Euro Diesel","Fill&Go, POS Terminal, Rompetrol Card, Coupons",24/7,0322 24 04 44,
ROMPETROL_94,Rompetrol,Batumi 7,127 Airport Hwy,Batumi,41.616791,41.61108,"Efix Super 98, Euro Regular 92, Efix Euro Premium 95, Efix Euro Diesel, Euro Diesel","Fill&Go, POS Terminal, Rompetrol Card, Coupons",24/7,0322 24 04 44,
ROMPETROL_78,Rompetrol,Batumi Javakhishvili,64 Javakhishvili street ,Batumi,41.634624,41.627037,"Euro Regular 92, Efix Euro Premium 95, Efix Euro Diesel, Euro Diesel","Fill&Go, POS Terminal, Rompetrol Card, Coupons",24/7,0322 24 04 44,
ROMPETROL_75,Rompetrol,Batumi Pushkini,Pushkini st. N77,batumi,41.641411,41.632847,"Efix Super 98, Euro Regular 92, Efix Euro Premium 95, Efix Euro Diesel, Euro Diesel","Fill&Go, POS Terminal, Rompetrol Card, Coupons",24/7,0322 24 04 44,
ROMPETROL_23,Rompetrol,Bolnisi,"Bolnisi, David Agmashenebeli Street 35a",Kvemo Kartli,41.452137,44.56525,"Euro Regular 92, Efix Euro Premium 95, Efix Euro Diesel","Fill&Go, POS Terminal, Rompetrol Card, Coupons",24/7,0322 24 04 44,
ROMPETROL_87,Rompetrol,Borjomi,"Near Vashlovani Settlement, Borjomi",Borjomi,41.863964,43.410858,"Efix Super 98, Euro Regular 92, Efix Euro Premium 95, Efix Euro Diesel, Euro Diesel","Fill&Go, POS Terminal, Market, Rompetrol Card, Coupons",24/7,0322 24 04 44,
ROMPETROL_25,Rompetrol,Chakvi,"9A Queen Tamar St., Chakvi",Chakvi,41.735264,41.733959,"Efix Super 98, Euro Regular 92, Efix Euro Premium 95, Efix Euro Diesel, Euro Diesel","Fill&Go, POS Terminal, Rompetrol Card, Coupons",24/7,0322 24 04 44,
ROMPETROL_19,Rompetrol,Chiatura,"Sachkhere Hwy., Chiatura",Chiatura,42.294281,43.296803,"Euro Regular 92, Efix Euro Premium 95, Efix Euro Diesel, Euro Diesel","Fill&Go, POS Terminal, Rompetrol Card, Coupons",24/7,0322 24 04 44,
ROMPETROL_42,Rompetrol,Didube 1,Grigol Robakidze avenue,Tbilisi,41.754013,44.776245,"Euro Regular 92, Efix Euro Premium 95, Efix Euro Diesel, Euro Diesel","Fill&Go, POS Terminal, Rompetrol Card, Coupons",24/7,0322 24 04 44,
ROMPETROL_21,Rompetrol,Didube 2,141A Tornike Eristavi Street,Tbilisi,41.747471,44.77951,"Euro Regular 92, Efix Euro Premium 95, Efix Euro Diesel","Fill&Go, POS Terminal, Rompetrol Card, Coupons",24/7,0322 24 04 44,
ROMPETROL_46,Rompetrol,Dighomi 2,Village Dighomi,Tbilisi,41.77969,44.768345,"Efix Super 98, Euro Regular 92, Efix Euro Premium 95, Efix Euro Diesel, Euro Diesel","Fill&Go, POS Terminal, Rompetrol Card, Coupons",24/7,0322 24 04 44,
ROMPETROL_41,Rompetrol,Digomi 1,Agmashenebeli  Ave 14th Kilometer,Tbilisi,41.800816,44.771393,"Efix Super 98, Euro Regular 92, Efix Euro Premium 95, Efix Euro Diesel, Euro Diesel","Fill&Go, POS Terminal, Rompetrol Card, Coupons",24/7,0322 24 04 44,
ROMPETROL_91,Rompetrol,Eliava,Cosmonaut Ave. # 39,Tbilisi,41.732796,44.77523,"Efix Super 98, Euro Regular 92, Efix Euro Premium 95, Efix Euro Diesel, Euro Diesel","Fill&Go, POS Terminal, Rompetrol Card, Coupons",24/7,0322 24 04 44,
ROMPETROL_13,Rompetrol,GPI,Saakadze Square,Tbilisi,41.725269,44.777092,"Efix Super 98, Euro Regular 92, Efix Euro Premium 95, Efix Euro Diesel, Euro Diesel","Fill&Go, POS Terminal, Rompetrol Card, Coupons, Quick Top-up Machine",24/7,0322 24 04 44,
ROMPETROL_30,Rompetrol,Gelovani 1,"Vake-Saburtalo, Marshal Gelovani Ave. 36",Tbilisi,41.757618,44.768494,"Efix Super 98, Euro Regular 92, Efix Euro Premium 95, Efix Euro Diesel, Euro Diesel","Fill&Go, POS Terminal, Rompetrol Card, Coupons",24/7,0322 24 04 44,
ROMPETROL_17,Rompetrol,Gelovani 2,Marshal Gelovani Avenue,Tbilisi,41.743309,44.769421,"Efix Super 98, Euro Regular 92, Efix Euro Premium 95, Efix Euro Diesel, Euro Diesel","Fill&Go, POS Terminal, Rompetrol Card, Coupons",24/7,0322 24 04 44,
ROMPETROL_88,Rompetrol,Gonio,"St. Andria the First-Called cross-road #19a, Gonio",Gonio,41.567341,41.570988,"Efix Super 98, Euro Regular 92, Efix Euro Premium 95, Efix Euro Diesel, Euro Diesel","Fill&Go, POS Terminal, Rompetrol Card, Coupons, ATM",24/7,0322 24 04 44,
ROMPETROL_8,Rompetrol,Gori 1,Gori Village Sveneti,Shida Kartli,42.018845,44.147747,"Efix Super 98, Euro Regular 92, Efix Euro Premium 95, Efix Euro Diesel, Euro Diesel","Fill&Go, POS Terminal, Rompetrol Card, Coupons",24/7,0322 24 04 44,
ROMPETROL_98,Rompetrol,Gori 3,"Tbilisi Hwy #1, Gori",Gori,42.002121,44.123287,"Efix Euro Premium 95, Euro Diesel","Fill&Go, POS Terminal, Rompetrol Card, Coupons",24/7,0322 24 04 44,
ROMPETROL_33,Rompetrol,HESI,"Dimitry Gulia St, Tbilisi, Georgia",Tbilisi,41.682587,44.825413,"Euro Regular 92, Efix Euro Premium 95, Euro Diesel","Fill&Go, POS Terminal, Rompetrol Card, Coupons",24/7,0322 24 04 44,
ROMPETROL_49,Rompetrol,Isani 1,Ketevan Tsamebuli avenue (isani market south entrance),Tbilisi,41.686066,44.847294,"Efix Super 98, Euro Regular 92, Efix Euro Premium 95, Efix Euro Diesel, Euro Diesel","Fill&Go, POS Terminal, Rompetrol Card, Coupons",24/7,0322 24 04 44,
ROMPETROL_90,Rompetrol,Isani 3,"Tbilisi, Ketevan Tsamebuli Ave 75.",Tbilisi,41.685673,44.852016,"Euro Regular 92, Efix Euro Premium 95, Efix Euro Diesel, Euro Diesel","Fill&Go, POS Terminal, Rompetrol Card, Coupons",24/7,0322 24 04 44,
ROMPETROL_82,Rompetrol,Kachreti,"Village Kachreti, Gurjaani region en",Kachreti en,41.637272,45.68132,"Euro Regular 92, Efix Euro Premium 95, Efix Euro Diesel, Euro Diesel","Fill&Go, POS Terminal, Rompetrol Card, Coupons",24/7,0322 24 04 44,
ROMPETROL_15,Rompetrol,Khelvachauri,Village Khelvachauri,Adjara,41.579777,41.660809,"Efix Euro Premium 95, Efix Euro Diesel, Euro Diesel","Fill&Go, POS Terminal, Rompetrol Card, Coupons, Quick Top-up Machine, ATM",24/7,0322 24 04 44,
ROMPETROL_97,Rompetrol,Kobuleti 2,Meskhidze ts. #15,Kobuleti,41.796673,41.784275,"Efix Super 98, Euro Regular 92, Efix Euro Premium 95, Efix Euro Diesel, Euro Diesel","Fill&Go, POS Terminal, Rompetrol Card, Coupons",24/7,0322 24 04 44,
ROMPETROL_47,Rompetrol,Ksani,Ksani and Peikrebi str,Tbilisi,41.769363,44.78368,"Efix Super 98, Euro Regular 92, Efix Euro Premium 95, Efix Euro Diesel, Euro Diesel","Fill&Go, POS Terminal, Rompetrol Card, Coupons",24/7,0322 24 04 44,
ROMPETROL_95,Rompetrol,Kutaisi 4,"Chavchavadze Ave. # 2b, Kutaisi",Kutaisi,42.248436,42.69902,"Efix Super 98, Euro Regular 92, Efix Euro Premium 95, Efix Euro Diesel, Euro Diesel","Fill&Go, POS Terminal, Rompetrol Card, Coupons",24/7,0322 24 04 44,
ROMPETROL_96,Rompetrol,Kutaisi 5,"Chavchavadze Ave. # 1a, Kutaisi",Kutaisi,42.247944,42.698994,"Efix Super 98, Euro Regular 92, Efix Euro Premium 95, Efix Euro Diesel, Euro Diesel","Fill&Go, POS Terminal, Rompetrol Card, Coupons",24/7,0322 24 04 44,
ROMPETROL_99,Rompetrol,Kutaisi 6,Village Partskanakanevi,Kutaisi,42.209904,42.552982,"Efix Super 98, Euro Regular 92, Efix Euro Premium 95, Efix Euro Diesel, Euro Diesel","Fill&Go, POS Terminal, Rompetrol Card, Coupons, Quick Top-up Machine",24/7,0322 24 04 44,
ROMPETROL_14,Rompetrol,Lanchkhuti,"Jordania street #24,Lanchkhuti",Lanchkhuti,42.082115,42.048553,"Efix Super 98, Euro Regular 92, Efix Euro Premium 95, Efix Euro Diesel, Euro Diesel","Fill&Go, POS Terminal, Rompetrol Card, Coupons",24/7,0322 24 04 44,
ROMPETROL_45,Rompetrol,Lilo 1,Kakheti highway and the base of Tsekavshiri,Tbilisi,41.692822,44.962284,"Efix Super 98, Euro Regular 92, Efix Euro Premium 95, Efix Euro Diesel, Euro Diesel","Fill&Go, POS Terminal, Rompetrol Card, Coupons",24/7,0322 24 04 44,
ROMPETROL_83,Rompetrol,Lilo 2,"Tbilisi, village Didi Lilo",Tbilisi,41.693295,44.963936,"Euro Regular 92, Efix Euro Premium 95, Efix Euro Diesel, Euro Diesel","Fill&Go, POS Terminal, Rompetrol Card, Coupons",24/7,0322 24 04 44,
ROMPETROL_77,Rompetrol,Makhinjauri,Village Makhinjauri,Adjara,41.684063,41.700691,"Efix Super 98, Euro Regular 92, Efix Euro Premium 95, Efix Euro Diesel, Euro Diesel","Fill&Go, POS Terminal, Rompetrol Card, Coupons",24/7,0322 24 04 44,
ROMPETROL_10,Rompetrol,Marneuli 1," Marneuli, 26 May str.",Kvemo Kartli,41.483402,44.793999,"Euro Regular 92, Efix Euro Premium 95, Efix Euro Diesel, Euro Diesel","Fill&Go, POS Terminal, Rompetrol Card, Coupons",24/7,0322 24 04 44,
ROMPETROL_85,Rompetrol,Marneuli 3,"City entrance, left road side, Marneuli ",Marneuli,41.505661,44.796738,"Euro Regular 92, Efix Euro Premium 95, Efix Euro Diesel, Euro Diesel","Fill&Go, POS Terminal, Rompetrol Card, Coupons",24/7,0322 24 04 44,
ROMPETROL_86,Rompetrol,Marneuli 4,"May 26 St., Marneuli",Marneuli,41.494179,44.802193,"Euro Regular 92, Efix Euro Premium 95, Efix Euro Diesel, Euro Diesel","Fill&Go, POS Terminal, Rompetrol Card, Coupons",24/7,0322 24 04 44,
ROMPETROL_50,Rompetrol,Metekhi,300 Aragveli street,Tbilisi,41.68792,44.822239,"Efix Super 98, Euro Regular 92, Efix Euro Premium 95, Efix Euro Diesel, Euro Diesel","Fill&Go, POS Terminal, Rompetrol Card, Coupons",24/7,0322 24 04 44,
ROMPETROL_100,Rompetrol,Natakhtari ,ნატახტარი,Natakhtari,41.924625,44.730469,"Euro Regular 92, Efix Euro Premium 95, Efix Euro Diesel","Fill&Go, POS Terminal, Rompetrol Card, Coupons",24/7,0322 24 04 44,
ROMPETROL_55,Rompetrol,Natsionali,9th kilometer David Aghmashenebeli alley,Tbilisi,41.769737,44.769455,"Efix Super 98, Euro Regular 92, Efix Euro Premium 95, Efix Euro Diesel, Euro Diesel","Fill&Go, POS Terminal, Rompetrol Card, Coupons, Quick Top-up Machine",24/7,0322 24 04 44,
ROMPETROL_89,Rompetrol,Ortachala 4,"Ortachala, right Bank of the River Mtkvari, near the Central Bus Station",Tbilisi,41.673241,44.836674,"Efix Super 98, Euro Regular 92, Efix Euro Premium 95, Efix Euro Diesel, Euro Diesel","Fill&Go, POS Terminal, Rompetrol Card, Coupons",24/7,0322 24 04 44,
ROMPETROL_69,Rompetrol,Ozurgeti,"David Aghmashenebeli str, 121",Ozurgeti,41.923107,42.01976,"Euro Regular 92, Efix Euro Premium 95, Efix Euro Diesel, Euro Diesel","Fill&Go, POS Terminal, Rompetrol Card, Coupons",24/7,0322 24 04 44,
ROMPETROL_43,Rompetrol,Piketi,Cross of O. Dgebuadze st. and Khvamli st.,Tbilisi,41.714939,44.789398,"Efix Super 98, Euro Regular 92, Efix Euro Premium 95, Efix Euro Diesel, Euro Diesel","Fill&Go, POS Terminal, Rompetrol Card, Coupons",24/7,0322 24 04 44,
ROMPETROL_70,Rompetrol,Poti 1,Samegrelo sq,poti,42.147297,41.68116,"Efix Super 98, Euro Regular 92, Efix Euro Premium 95, Efix Euro Diesel, Euro Diesel","Fill&Go, POS Terminal, Rompetrol Card, Coupons",24/7,0322 24 04 44,
ROMPETROL_79,Rompetrol,Poti 3,Guria st. N3,Poti,42.131702,41.690788,"Euro Regular 92, Efix Euro Premium 95, Efix Euro Diesel, Euro Diesel","Fill&Go, POS Terminal, Rompetrol Card, Coupons",24/7,0322 24 04 44,
ROMPETROL_81,Rompetrol,Rustavi  2,"Megobroba Ave. #30a, Rustavi",Rustavi,41.560688,44.979424,"Euro Regular 92, Efix Euro Premium 95, Efix Euro Diesel, Euro Diesel","Fill&Go, POS Terminal, Rompetrol Card, Coupons",24/7,0322 24 04 44,
ROMPETROL_92,Rompetrol,Salosi,#6 Beri Gabriel Salosi Square,Tbilisi,41.676979,44.838234,"Euro Regular 92, Efix Euro Premium 95, Efix Euro Diesel, Euro Diesel","Fill&Go, POS Terminal, Rompetrol Card, Coupons",24/7,0322 24 04 44,
ROMPETROL_2,Rompetrol,Samgori 1,Metro Samgori,Tbilisi,41.68668,44.855507,"Efix Super 98, Euro Regular 92, Efix Euro Premium 95, Efix Euro Diesel, Euro Diesel","Fill&Go, POS Terminal, Rompetrol Card, Coupons",24/7,0322 24 04 44,
ROMPETROL_61,Rompetrol,Samgori 2,George Bush avenue,Tbilisi,41.688553,44.845631,"Efix Super 98, Euro Regular 92, Efix Euro Premium 95, Efix Euro Diesel, Euro Diesel","Fill&Go, POS Terminal, Rompetrol Card, Coupons, Quick Top-up Machine",24/7,0322 24 04 44,
ROMPETROL_7,Rompetrol,Sanzona,3/8 Guramishvili Street,Tbilisi,41.779236,44.795818,"Efix Super 98, Euro Regular 92, Efix Euro Premium 95, Efix Euro Diesel, Euro Diesel","Fill&Go, POS Terminal, Rompetrol Card, Coupons",24/7,0322 24 04 44,
ROMPETROL_53,Rompetrol,Sanzona 2,64  Davit Guramishvili avenue,Tbilisi,41.769318,44.791973,"Efix Super 98, Euro Regular 92, Efix Euro Premium 95, Efix Euro Diesel, Euro Diesel","Fill&Go, POS Terminal, Rompetrol Card, Coupons",24/7,0322 24 04 44,
ROMPETROL_9,Rompetrol,Senaki,Senaki Mshvidobis Street 172,Senaki,42.266529,42.068546,"Efix Super 98, Euro Regular 92, Efix Euro Premium 95, Efix Euro Diesel, Euro Diesel","Fill&Go, POS Terminal, Rompetrol Card, Coupons, Quick Top-up Machine",24/7,0322 24 04 44,
ROMPETROL_11,Rompetrol,Sheshelidze,"Sheshelidze str, 6",Tbilisi,41.785789,44.79248,"Euro Regular 92, Efix Euro Premium 95, Efix Euro Diesel, Euro Diesel","Fill&Go, POS Terminal, Rompetrol Card, Coupons",24/7,0322 24 04 44,
ROMPETROL_29,Rompetrol,Telavi,"Telavi, Tbilisi Highway 4th Kilometer",Telavi,41.920338,45.504246,"Efix Super 98, Euro Regular 92, Efix Euro Premium 95, Efix Euro Diesel, Euro Diesel","Fill&Go, POS Terminal, Rompetrol Card, Coupons",24/7,0322 24 04 44,
ROMPETROL_76,Rompetrol,Terjola,Tbilisi-senaki-leselidze highway 204km,Terjola,42.164803,42.93972,"Efix Super 98, Euro Regular 92, Efix Euro Premium 95, Efix Euro Diesel, Euro Diesel","Fill&Go, POS Terminal, Rompetrol Card, Coupons",24/7,0322 24 04 44,
ROMPETROL_93,Rompetrol,Vakhushti,#18 Heydar Aliyev ,Tbilisi,41.725563,44.780781,"Euro Regular 92, Efix Euro Premium 95, Efix Euro Diesel, Euro Diesel","Fill&Go, POS Terminal, Rompetrol Card, Coupons",24/7,0322 24 04 44,
ROMPETROL_59,Rompetrol,Varketili,Javakheti str. Near of Varketili market area,Tbilisi,41.698547,44.869671,"Efix Super 98, Euro Regular 92, Efix Euro Premium 95, Efix Euro Diesel, Euro Diesel","Fill&Go, POS Terminal, Rompetrol Card, Coupons",24/7,0322 24 04 44,
ROMPETROL_57,Rompetrol,Vazi,"Military settlement, gldani",Tbilisi,41.784946,44.770061,"Euro Regular 92, Efix Euro Premium 95, Efix Euro Diesel, Euro Diesel","Fill&Go, POS Terminal, Rompetrol Card, Coupons",24/7,0322 24 04 44,
ROMPETROL_1,Rompetrol,ZMK,2 Beri Gabriel Salosi Ave,Tbilisi,41.672493,44.876102,"Efix Super 98, Euro Regular 92, Efix Euro Premium 95, Efix Euro Diesel, Euro Diesel","Fill&Go, POS Terminal, Rompetrol Card, Coupons",24/7,0322 24 04 44,
ROMPETROL_20,Rompetrol,Zestaphoni,"Zestafoni, King Tamar Street number 48",Zestaphoni,42.114094,43.02953,"Euro Regular 92, Efix Euro Premium 95, Efix Euro Diesel, Euro Diesel","Fill&Go, POS Terminal, Rompetrol Card, Coupons",24/7,0322 24 04 44,
ROMPETROL_68,Rompetrol,Zugdidi 1,"Sokhumi str, 69",Zugdidi,42.517986,41.879349,"Efix Super 98, Euro Regular 92, Efix Euro Premium 95, Efix Euro Diesel, Euro Diesel","Fill&Go, POS Terminal, Rompetrol Card, Coupons",24/7,0322 24 04 44,
ROMPETROL_66,Rompetrol,sachkhere,Village Chikha,Sachkhere,42.332603,43.426422,"Efix Super 98, Euro Regular 92, Efix Euro Premium 95, Efix Euro Diesel, Euro Diesel","Fill&Go, POS Terminal, Rompetrol Card, Coupons",24/7,0322 24 04 44,
SGP_1,SGP,Aeroporti - 1,"Tbilisi, Kakheti highway, left side, N44762 nearbody of military part",Tbilisi,41.68782,44.89672,"Nano Premium, Euro 5 Diesel, Nano Euro 5 Diesel, Nano Euro Regular","Way-Mart, Service Block, WC",,,
SGP_2,SGP,Aeroporti -2,"Tbilisi, near trade-wholesale base",Tbilisi,41.69277,44.96093,"Nano Premium, Euro 5 Diesel, Nano Euro 5 Diesel, Nano Euro Regular","Way-Mart, Charger, WC",,,
SGP_65,SGP,Agara,"Kareli, Daba Agara, area around the market",Shida Kartli,42.05168,43.8505,"Nano Premium, Euro 5 Diesel, Nano Euro 5 Diesel, Nano Euro Regular","Way-Mart, WC",,,
SGP_5,SGP,Agmashenebeli,"Tbilisi, Davit Agmashenebeli alley, N31",Tbilisi,41.76756,44.7694,"Nano Premium, Euro 5 Diesel, Nano Euro 5 Diesel, Nano Euro Regular",Way-Mart,,,
SGP_67,SGP,Akhaltsikhe,"Akhaltsikhe, Abastumani Highway",Samtskhe-Javakheti,41.641478,42.980864,"Nano Premium, Euro 5 Diesel, Nano Euro 5 Diesel, Nano Euro Regular","Service Center, Service Center, AS24",,,
SGP_52,SGP,Akhmeta,"Akhmeta, Rustaveli street ",Kakheti,42.03943,45.20516,"LPG, Nano Premium, Euro 5 Diesel, Nano Euro 5 Diesel, Nano Euro Regular","Way-Mart, WC",,,
SGP_3,SGP,Aligatori,Tbilisi Isani-Samgori / next to the Ritual Palace,Tbilisi,41.68432,44.82679,"Nano Premium, Euro 5 Diesel, Nano Euro 5 Diesel, Nano Euro Regular","Way-Mart, WC",,,
SGP_75,SGP,Ambrolauri,"Ambrolauri, Vaja Pshavela street",Racha-Lechkhumi,42.526396,43.153792,"LPG, Nano Premium, Euro 5 Diesel, Nano Premium, Nano Euro 5 Diesel, Nano Euro Regular",WC,,,
SGP_98,SGP,Angisa,"Batumi, Airport Hightway N45",Adjara,41.6283307928293,41.611102388286,"Nano Premium, Euro 5 Diesel, Nano Euro 5 Diesel, Nano Euro Regular","WC, Way-Mart",,,
SGP_4,SGP,Astra,"Tbilisi, Davit Agmashenebeli alley, N111",Tbilisi,41.78361,44.77005,CNG,WC,,,
SGP_99,SGP,Bagrationi,"Batumi, Petre Bagrationi 107a ",Adjara,41.6364617761533,41.6359885403909,"CNG, LPG, Nano Premium, Euro 5 Diesel, Nano Euro 5 Diesel, Nano Euro Regular","Way-Mart, Car Wash, Service Center, WC",,,
SGP_68,SGP,Bakuriani,"Borjomi, Daba Bakuriani, Borjomi N55",Samtskhe-Javakheti,41.757572,43.522476,"Nano Premium, Euro 5 Diesel, Nano Euro 5 Diesel, Nano Euro Regular","Way-Mart, WC",,,
SGP_100,SGP,Bartskhana,"Batumi, Tamar King Avenue ",Adjara,41.65058,41.66791,"CNG, LPG, Nano Premium, Nano Super, Euro 5 Diesel, Nano Euro 5 Diesel, Nano Euro Regular","Way-Mart, WC",,,
SGP_103,SGP,Batumi McDonalds,"Batumi, Sherip Khimshiashvili street N1a",Adjara,41.6434491530798,41.6178471121419,"Nano Premium, Nano Super, Euro 5 Diesel, Nano Euro 5 Diesel, Nano Euro Regular","Way-Mart, Charger, WC, McDonald's, Locker",,,
SGP_6,SGP,Beliashvili 1,"Tbilisi, Akaki Belishvili street N183",Tbilisi,41.78385,44.78194,"Nano Premium, Euro 5 Diesel, Nano Euro 5 Diesel, Nano Euro Regular","Way-Mart, Car Wash, WC",,,
SGP_38,SGP,Bolnisi,City of Bolnisi,Kvemo Kartli,41.451182,44.580298,"Nano Premium, Euro 5 Diesel, Nano Euro 5 Diesel, Nano Euro Regular",Way-Mart,,,
SGP_69,SGP,Borjomi,"Borjomi, Davit Agmashenebeli street",Samtskhe-Javakheti,41.85719,43.41515,"Nano Premium, Euro 5 Diesel, Nano Euro 5 Diesel, Nano Euro Regular",WC,,,
SGP_7,SGP,Botanika,"Tbilisi, Davit Agmashenebeli alley, N97",Tbilisi,41.78077,44.76965,"Nano Premium, Nano Super, Euro 5 Diesel, Nano Euro 5 Diesel, Nano Euro Regular","Way-Mart, Charger, WC, Locker",,,
SGP_63,SGP,Chalaubani,"Gurjaani, Village Chalaubani",Kakheti,41.628062,45.810149,"CNG, LPG, Nano Premium, Euro 5 Diesel, Nano Euro 5 Diesel, Nano Euro Regular","WC, Way-Mart, Service Block",,,
SGP_73,SGP,Chiatura 1,"Chiatura, Grigol Abashidze street N15",Shida Kartli,42.291852,43.280586,"Nano Premium, Euro 5 Diesel, Nano Euro 5 Diesel, Nano Euro Regular",WC,,,
SGP_89,SGP,Choxatauri,"Chokhatauri, Dumbadze street N41",Guria,42.012671,42.237888,"Nano Premium, Euro 5 Diesel, Nano Euro 5 Diesel, Nano Euro Regular",WC,,,
SGP_76,SGP,Dafnari,"Samtredia, village Dapnari",Imereti,42.106503,42.325567,"LPG, Nano Premium, Euro 5 Diesel, Nano Euro 5 Diesel, Nano Super, Nano Euro Regular","WC, WC, Way-Mart",,,
SGP_55,SGP,Dedofliswkaro,Rustaveli N1,Kakheti,41.4654,46.100405,"Nano Premium, Euro 5 Diesel, Nano Euro 5 Diesel, Nano Euro Regular","Way-Mart, WC",,,
SGP_13,SGP,Didube,"Tbilisi, left bank cosmonauts N61",Tbilisi,41.73801,44.77286,"Nano Premium, Euro 5 Diesel, Nano Euro 5 Diesel, Nano Euro Regular","Service Block, WC",,,
SGP_40,SGP,Dmanisi,,Kvemo Kartli,41.334336,44.212231,"LPG, Nano Premium, Euro 5 Diesel, Nano Euro 5 Diesel, Nano Euro Regular",Way-Mart,,,
SGP_50,SGP,Fakhralo,"Savaneti village, Bolnisi district",Kvemo Kartli,41.422851,44.664909,"LPG, Euro 5 Diesel, Nano Euro Regular",,,,
SGP_33,SGP,Fortuna,"Tbilisi, Davit Agmashenebeli alley N168",Tbilisi,41.782891,44.768769,"Nano Premium, Euro 5 Diesel, Nano Euro 5 Diesel, Nano Euro Regular","Service Block, WC",,,
SGP_39,SGP,Gardabani,"Gardbani, Agmashenebeli Street Near Tbilsre square nearby",Kvemo Kartli,41.472308,45.08149,"LPG, Nano Premium, Euro 5 Diesel, Nano Euro 5 Diesel, Nano Euro Regular","Way-Mart, Car Wash",,,
SGP_8,SGP,Gelovani 1,Tbilisi Vake-Saburtalo / Gelovani Village opposite,Tbilisi,41.75276,44.76989,"Nano Premium, Euro 5 Diesel, Nano Euro 5 Diesel, Nano Euro Regular","Locker, Car Wash, Car Wash",,,
SGP_9,SGP,Gelovani 2,"Tbilisi, Marshall Gelovani Avenue N70",Tbilisi,41.76086,44.7682,CNG,"Way-Mart, Service Center, WC",,,
SGP_53,SGP,Gombori,"Telavi, village Vardisubani",Kakheti,41.92574,45.452532,"Nano Premium, Nano Super, Euro 5 Diesel, Nano Euro 5 Diesel, Nano Euro Regular","WC, Way-Mart, Service Block, Charger",,,
SGP_101,SGP,Gonio,"Khelvachauri, village Gonio",Adjara,41.56889,41.57128,"Nano Premium, Euro 5 Diesel, Nano Euro 5 Diesel, Nano Euro Regular","WC, Service Center, TIR Park, AS24",,,
SGP_71,SGP,Gori,Tskinvali Highway N8,Shida Kartli,41.99287,44.11097,"CNG, LPG, Nano Premium, Euro 5 Diesel, Nano Euro 5 Diesel, Nano Euro Regular","WC, Locker",,,
SGP_10,SGP,Gulia,"Tbilisi, g. Gulia Square, near the Ministry of Internal Affairs",Tbilisi,41.67628,44.82961,"Nano Premium, Nano Super, Euro 5 Diesel, Nano Euro 5 Diesel, Nano Euro Regular","Way-Mart, Car Wash, WC",,,
SGP_11,SGP,Guramishvili 1,Tbilisi Gldani-Nadzaladevi / Guramishvili Ave. 84,Tbilisi,41.78143,44.79722,"CNG, Nano Premium, Euro 5 Diesel, Nano Euro 5 Diesel, Nano Euro Regular",WC,,,
SGP_12,SGP,Guramishvili 2,Tbilisi Gldani-Nadzaladevi / Guramishvili Ave. N15(01.12.09.021/114),Tbilisi,41.75526,44.78885,"CNG, Nano Premium, Euro 5 Diesel, Nano Euro 5 Diesel, Nano Euro Regular","Way-Mart, WC",,,
SGP_79,SGP,IaneTi,"Samtredia, Village Ianeti",Imereti,42.169196,42.408627,"CNG, Nano Premium, Euro 5 Diesel, Nano Euro 5 Diesel, Nano Euro Regular",WC,,,
SGP_59,SGP,Iormuganlo,"Sagarejo, village iormugalo ",Kakheti,41.599778,45.533279,"Euro 5 Diesel, Nano Euro Regular",WC,,,
SGP_20,SGP,Isani,Tbilisi Isani-Samgori / Atskuri street,Tbilisi,41.68858,44.8417,"Nano Premium, Euro 5 Diesel, Nano Euro 5 Diesel, Nano Euro Regular","Way-Mart, Car Wash",,,
SGP_97,SGP,Jvari,"Jvari, Andria Pirveltsodebuli street",Samegrelo,42.7195793906331,42.0373784688936,"Nano Premium, Euro 5 Diesel, Nano Euro 5 Diesel, Nano Euro Regular",WC,,,
SGP_60,SGP,Kabali,"Lagodekhi, village Dona",Kakheti,41.839042,46.108823,"Nano Premium, Euro 5 Diesel, Nano Euro 5 Diesel, Nano Euro Regular","WC, Way-Mart",,,
SGP_21,SGP,Kakhetis Gzatketsili 2,"Tbilisi, between the Kakheti highway and the railway sorting alley",Tbilisi,41.68818,44.84481,CNG,"Way-Mart, WC",,,
SGP_22,SGP,Kakhetis gzatketili,"Tbilisi, opposite the 8th Legion, opposite the Kakheti highway N44",Tbilisi,41.68459,44.86638,"Nano Premium, Euro 5 Diesel, Nano Euro 5 Diesel, Nano Euro Regular","Service Center, WC",,,
SGP_34,SGP,Kavtaradze,"Tbilisi, Petre Kavtaradze Street N54 N 19 N 52",Tbilisi,41.72057,44.724213,"Nano Premium, Euro 5 Diesel, Nano Euro 5 Diesel, Nano Euro Regular","WC, Car Wash",,,
SGP_105,SGP,Keda,"Keda, Village Tskemna",Adjara,41.5932685397551,41.9137853036345,"Nano Premium, Euro 5 Diesel, Nano Euro 5 Diesel, Nano Euro Regular",WC,,,
SGP_35,SGP,Kerchi,Tbilisi Nadzaladevi / Kerchi street,Tbilisi,41.78886,44.80233,"Nano Premium, Euro 5 Diesel, Nano Euro 5 Diesel, Nano Euro Regular","Way-Mart, Locker",,,
SGP_90,SGP,Kharagauli,"Kharagauli, Solomon king street N86",Imereti,42.020614,43.201004,"Nano Premium, Euro 5 Diesel, Nano Euro 5 Diesel, Nano Euro Regular",,,,
SGP_74,SGP,Khashuri,"Khashuri, Imereti street N36",Shida Kartli,41.99288,43.58763,"CNG, LPG, Nano Premium, Euro 5 Diesel, Nano Euro 5 Diesel, Nano Euro Regular","WC, Service Center, Charger",,,
SGP_107,SGP,Khelvacharui,"Khelvachauri, Village Mejinistskali",Adjara,41.6059215674829,41.6285668495761,"LPG, Nano Premium, Euro 5 Diesel, Nano Euro 5 Diesel, Nano Euro Regular","WC, Way-Mart",,,
SGP_106,SGP,Kobuleti,"Kobuleti, Rustaveli street N109",Adjara,41.8195037557044,41.7775502606316,"Nano Premium, Euro 5 Diesel, Nano Euro 5 Diesel, Nano Euro Regular",WC,,,
SGP_88,SGP,Kutaisi 1,"Kutaisi, Shota pirveli ",Imereti,42.261402,42.689208,"Nano Premium, Nano Super, Euro 5 Diesel, Nano Euro 5 Diesel, Nano Euro Regular","Way-Mart, Charger, Service Block, WC",,,
SGP_62,SGP,Kvareli,Kvareli,Kakheti,41.923827,45.824537,"LPG, Nano Premium, Euro 5 Diesel, Nano Euro 5 Diesel, Nano Euro Regular",WC,,,
SGP_81,SGP,Lanchkhuti,"Lantchkhuti, village Gvimbalauri",Imereti,42.089767,42.022643,"Nano Premium, Nano Super, Euro 5 Diesel, Nano Euro 5 Diesel, Nano Euro Regular","WC, Way-Mart",,,
SGP_23,SGP,Lilo,"Tbilisi, Kakheti highway, between the gas station and the brewery under construction",Tbilisi,41.68979,45.0096,"Nano Premium, Euro 5 Diesel, Nano Euro 5 Diesel, Nano Euro Regular","Way-Mart, WC",,,
SGP_24,SGP,Marijani,"Tbilisi, Marijani Street N16",Tbilisi,41.72155,44.73015,"Nano Premium, Euro 5 Diesel, Nano Euro 5 Diesel, Nano Euro Regular",Way-Mart,,,
SGP_43,SGP,Marneuli,"Marneuli Street, Rustaveli",Kvemo Kartli,41.487687,44.79946,"Nano Euro Regular, Euro 5 Diesel, Nano Premium, Nano Euro 5 Diesel","Service Block, Service Center, Way-Mart",,,
SGP_44,SGP,Marneuli2,Marneuli village Kizilajlo,Kvemo Kartli,41.478918,44.774256,CNG,,,,
SGP_45,SGP,Martkopi,"Gardabani, Martkopi village",Kvemo Kartli,41.682765,45.021852,"CNG, Nano Premium, Nano Super, Euro 5 Diesel, Nano Euro 5 Diesel, Nano Euro Regular","Charger, TIR Park",,,
SGP_92,SGP,Mestia,"Daba Mestia, Parjiani street ",Svaneti,43.041927,42.714504,"LPG, Nano Premium, Euro 5 Diesel, Nano Euro 5 Diesel, Nano Euro Regular",WC,,,
SGP_26,SGP,Natakhtari,Natakhtari/ village Misaktsieli,Tbilisi,41.92897,44.73201,"Nano Premium, Nano Euro Regular, Nano Euro 5 Diesel, Euro 5 Diesel, LPG","Way-Mart, WC",,,
SGP_25,SGP,Navtlugi 1,"Tbilisi, Moscow Avenue, near N10, on the left of the road leading to the meat processing plant",Tbilisi,41.68117,44.8668,"Nano Premium, Euro 5 Diesel, Nano Euro 5 Diesel, Nano Euro Regular","Way-Mart, WC",,,
SGP_82,SGP,Nikea,"Kutaisi, Nikea street N8 ",Imereti,42.246077,42.692832,"CNG, Nano Premium, Euro 5 Diesel, Nano Euro 5 Diesel, Nano Euro Regular","Way-Mart, Service Center, WC",,,
SGP_27,SGP,Ortachala 2,"Tbilisi, at the intersection of Ialbuzi street and the left bank",Tbilisi,41.68437,44.82403,CNG,"Way-Mart, WC",,,
SGP_83,SGP,Ozurgeti,"Ozurgeti, E. takaishvili street",Guria,41.917126,42.002251,"Nano Premium, Euro 5 Diesel, Nano Euro 5 Diesel, Nano Euro Regular",,,,
SGP_94,SGP,Poti 2,"Poti, Guria street",Samegrelo,42.10563,41.70005,"Nano Premium, Euro 5 Diesel, Nano Euro 5 Diesel, Nano Euro Regular","WC, AS24",,,
SGP_95,SGP,Poti 3,"Poti, Larnaka street",Samegrelo,42.1643534050767,41.6812730605716,"Nano Premium, Euro 5 Diesel, Nano Euro 5 Diesel, Nano Euro Regular","Way-Mart, WC",,,
SGP_47,SGP,Rusavi-Komplex,"Tbilisi, Red Bridge highway 19th",Kvemo Kartli,41.580554,44.954523,"CNG, LPG, Nano Premium, Nano Super, Euro 5 Diesel, Nano Euro 5 Diesel, Nano Euro Regular","Way-Mart, Service Block, TIR Park, Charger",,,
SGP_46,SGP,Rustavi 1,"Rustavi, micro/district XVI surrounding area",Kvemo Kartli,41.569684,44.987228,"Nano Premium, Euro 5 Diesel, Nano Euro 5 Diesel, Nano Euro Regular",Way-Mart,,,
SGP_48,SGP,Rustavi Center,Rustavi Shartava Avenue,Kvemo Kartli,41.564018,44.976375,"CNG, Nano Premium, Euro 5 Diesel, Nano Euro 5 Diesel, Nano Euro Regular",Service Center,,,
SGP_104,SGP,Sabajo,"Batumi, Airport Highway N263",Adjara,41.5987573008645,41.5987573008645,"Nano Premium, Euro 5 Diesel, Nano Euro 5 Diesel, Nano Euro Regular",AS24,,,
SGP_28,SGP,Saburtalo,Tbilisi Saburtalo district / Saburtalo street 18,Tbilisi,41.72165,44.76486,"Nano Premium, Euro 5 Diesel, Nano Euro 5 Diesel, Nano Euro Regular","Service Center, WC",,,
SGP_49,SGP,Sadakhlo,"Sadakhlo, Marneuli district",Kvemo Kartli,41.250168,44.799618,"Nano Premium, Euro 5 Diesel, Nano Euro 5 Diesel, Nano Euro Regular",Way-Mart,,,
SGP_61,SGP,Sagarejo,"Sagarejo, Kakheti Highway N14",Kakheti,41.72295,45.3436,"CNG, LPG, Nano Premium, Euro 5 Diesel, Nano Euro 5 Diesel, Nano Euro Regular","Way-Mart, Car Wash, WC",,,
SGP_84,SGP,Samtredia,"Samtredia, Republika Street N 7-5",Imereti,42.165174,42.346733,"Nano Premium, Euro 5 Diesel, Nano Euro 5 Diesel, Nano Euro Regular",WC,,,
SGP_29,SGP,Sanapiro 1,"Tbilisi, on the right bank of the Mtkvari River, between the gas station Giochi and the territory purchased by Kedar LLC;  Tbilisi Mtkvri river right bank slope N 9",Tbilisi,41.72664,44.77981,"CNG, Nano Premium, Euro 5 Diesel, Nano Euro 5 Diesel, Nano Euro Regular","Way-Mart, Service Block, WC, Locker",,,
SGP_30,SGP,Sanapiro 2,Tbilisi Gldani-Nadzaladevi / Ksni street near Didubi Bridge,Tbilisi,41.75448,44.77981,"CNG, Nano Premium, Euro 5 Diesel, Nano Euro 5 Diesel, Nano Euro Regular",WC,,,
SGP_31,SGP,Sanapiro 3,"Tbilisi, Rustavi highway, near the factory of electric vending machine",Tbilisi,41.669172,44.856064,"Nano Super, Nano Premium, Nano Euro Regular, Nano Euro 5 Diesel, Euro 5 Diesel","Charger, McDonald's, Greenway, WC, Way-Mart",,,
SGP_86,SGP,Senaki 2,"Senaki, Village Teklati",Imereti,42.255979,42.001767,"Nano Premium, Euro 5 Diesel, Nano Euro 5 Diesel, Nano Euro Regular","Way-Mart, WC",,,
SGP_85,SGP,Senaki1,"Senaki, Ghvijilia street N4",Imereti,42.264124,42.083126,"CNG, LPG, Nano Premium, Euro 5 Diesel, Nano Euro 5 Diesel, Nano Euro Regular","WC, Way-Mart",,,
SGP_36,SGP,Sheshelidze 1,Tbilisi Gldani district / Sarajishvili street,Tbilisi,41.78493,44.79866,"CNG, LPG, Nano Premium, Nano Super, Euro 5 Diesel, Nano Euro 5 Diesel, Nano Euro Regular","Way-Mart, WC, Service Block",,,
SGP_37,SGP,Sheshelidze 2,Tbilisi Gldani district / T. Sheshelidze 34,Tbilisi,41.78724,44.80283,"Nano Premium, Euro 5 Diesel, Nano Euro 5 Diesel, Nano Euro Regular","Way-Mart, WC",,,
SGP_51,SGP,Shulaveri,"Marneuli, lower Sarali",Kvemo Kartli,41.362845,44.837185,"CNG, LPG, Nano Premium, Euro 5 Diesel, Nano Euro 5 Diesel, Nano Euro Regular",Way-Mart,,,
SGP_32,SGP,Stepanwminda,Kazbegi district / Stepantsminda township,Kazbegi,42.65058,44.6407,"Nano Premium, Euro 5 Diesel, Nano Euro 5 Diesel, Nano Euro Regular","Way-Mart, WC, AS24",,,
SGP_17,SGP,Tamarashvili,"Tbilisi, Mikheil Tamarashvili Street N6a",Tbilisi,41.72059,44.74596,"Nano Premium, Nano Super, Euro 5 Diesel, Nano Euro 5 Diesel, Nano Euro Regular",,,,
SGP_18,SGP,Tbilisis Zgva,Tbilisi Sea area,Tbilisi,41.73644,44.83922,"CNG, Nano Premium, Nano Super, Euro 5 Diesel, Nano Euro 5 Diesel, Nano Euro Regular","Charger, WC, Way-Mart",,,
SGP_58,SGP,Telavi,"Telavi, Agmasheneblei 15a",Kakheti,41.921035,45.483399,"Nano Premium, Euro 5 Diesel, Nano Euro 5 Diesel, Nano Euro Regular","Way-Mart, Service Center, WC",,,
SGP_41,SGP,Teleti,"Gardabani, Tsalaskuri village",Kvemo Kartli,41.632884,44.816683,"Nano Premium, Euro 5 Diesel, Nano Euro 5 Diesel, Nano Euro Regular",Way-Mart,,,
SGP_19,SGP,Temka TMK,Tbilisi Gldani-Nadzaladevi / Chargli St. 01.12.03.015/068,Tbilisi,41.77275,44.80262,"CNG, Nano Premium, Euro 5 Diesel, Nano Euro 5 Diesel, Nano Euro Regular","Way-Mart, WC",,,
SGP_78,SGP,Terjola,"Terjola, Village Siktarva",Imereti,42.173228,42.933175,"CNG, LPG, Nano Premium, Nano Super, Euro 5 Diesel, Nano Euro 5 Diesel, Nano Euro Regular","Way-Mart, WC, Charger, TIR Park, Road Use Certificat",,,
SGP_87,SGP,Tkibuli,"Tkibuli, Tkvarcheli street N17",Imereti,42.332349,42.973322,"LPG, Nano Premium, Euro 5 Diesel, Nano Euro 5 Diesel, Nano Euro Regular","WC, Car Wash",,,
SGP_96,SGP,Tsalenjixa,"Tsalenjikha, Zugdidi street N95",Samegrelo,42.6077576502562,42.0334425459702,"Nano Premium, Euro 5 Diesel, Nano Euro 5 Diesel, Nano Euro Regular",WC,,,
SGP_72,SGP,Urbnili,"Kareli, Village Urbnisi",Shida Kartli,42.01617,44.02668,"CNG, LPG, Nano Premium, Nano Super, Euro 5 Diesel, Nano Euro 5 Diesel, Nano Euro Regular","Way-Mart, Charger, Service Block, TIR Park, Road Use Certificat, AS24, WC",,,
SGP_57,SGP,Vachnadziani,"Gurjaani, Village Vachnadziani",Kakheti,41.851866,45.655626,"LPG, Nano Premium, Nano Super, Euro 5 Diesel, Nano Euro 5 Diesel, Nano Euro Regular",WC,,,
SGP_16,SGP,Vakhushti,"Tbilisi, Giorgi Saakadze descent N13",Tbilisi,41.72532,44.77943,"Nano Premium, Euro 5 Diesel, Nano Euro 5 Diesel, Nano Euro Regular",Way-Mart,,,
SGP_56,SGP,Vardisubani,Vardisubani,Kakheti,41.93598,45.43529,"LPG, Nano Premium, Euro 5 Diesel, Nano Euro 5 Diesel, Nano Euro Regular","WC, Way-Mart",,,
SGP_14,SGP,Varketili 1,"Tbilisi, Javakheti Street ",Tbilisi,41.68549,44.87007,"Nano Premium, Euro 5 Diesel, Nano Euro 5 Diesel, Nano Euro Regular",Way-Mart,,,
SGP_15,SGP,Varketili 2,"Tbilisi, between Varketili 2 and Vazisubani residential area",Tbilisi,41.69883,44.86979,CNG,WC,,,
SGP_64,SGP,Wnori,"Signagi, village Sakobo",Kakheti,41.623698,45.972772,"Nano Premium, Euro 5 Diesel, Nano Euro 5 Diesel, Nano Euro Regular",WC,,,
SGP_77,SGP,Zestafoni,"Zestaponi, Staroselski street N15",Imereti,42.117493,43.017853,"CNG, LPG, Nano Premium, Nano Super, Euro 5 Diesel, Nano Euro 5 Diesel, Nano Euro Regular","Way-Mart, Charger, Service Block, WC, AS24",,,
SGP_91,SGP,Zugdidi 1,"Zugdidi, Chitatskari street",Samegrelo,42.4790611942062,41.8451599980906,"CNG, LPG, Nano Premium, Euro 5 Diesel, Nano Euro 5 Diesel, Nano Euro Regular","Way-Mart, Way-Mart, Service Center, WC",,,
WISSOL_152,Wissol,,,,41.627659,42.1731111,,Standart,24/7,+995322915315,
WISSOL_272,Wissol,,,,42.1817872,42.4643827,,"Hot-Dog Campaign, Booth",24/7,+995322557557,
WISSOL_292,Wissol,,,,41.6989341,44.8087756,,"Supermarket, Hot-Dog Campaign",24/7,+995322557557,
WISSOL_393,Wissol,,,,41.7873196,44.8000279,,Main,24/7,+995322470202,
WISSOL_89,Wissol,26 May street,26 May street,,41.4867314,44.7978597,,Standart,24/7,+995322915315,
WISSOL_48,Wissol,Airport Highway N92,Airport Highway N92,,41.6249158,41.6109074,,Self Service,24/7,+995322915315,
WISSOL_56,Wissol,Airport highway N183,Airport highway N183,,41.609257,41.613774,,Standart,24/7,+995322915315,
WISSOL_203,Wissol,Airport highway N183,Airport highway N183,,41.609257,41.613774,,"Supermarket, Hot-Dog Campaign",24/7,+995322557557,
WISSOL_96,Wissol,Aleksi Gobronidze Street N6,Aleksi Gobronidze Street N6,,41.7892706,44.8184026,,Standart,24/7,+995322915315,
WISSOL_18,Wissol,Apsaros Highway N6,Apsaros Highway N6,,41.5856487,41.5908052,,"Supermarket, Hot-Dog Campaign",24/7,+995322557557,
WISSOL_50,Wissol,Apsaros Highway N6,Apsaros Highway N6,,41.5856487,41.5908052,,Standart,24/7,+995322915315,
WISSOL_313,Wissol,Apsaros Highway N6,Apsaros Highway N6,,41.5856487,41.5908052,,Service Center,24/7,+995322470202,
WISSOL_76,Wissol,Archil and Yuza Tskitishvili street N 2,Archil and Yuza Tskitishvili street N 2,,42.1126577,43.0243425,,Standart,24/7,+995322915315,
WISSOL_322,Wissol,Archil and Yuza Tskitishvili street N 2,Archil and Yuza Tskitishvili street N 2,,42.1126577,43.0243425,,"Supermarket, Hot-Dog Campaign",24/7,+995322557557,
WISSOL_122,Wissol,Automshebel Street N47,Automshebel Street N47,,42.2590005,42.6236486,,Standart,24/7,+995322915315,
WISSOL_142,Wissol,"Batumi, Tbel-Abuseridze N22 a","Batumi, Tbel-Abuseridze N22 a",Batumi,41.6352903,41.6163938,,"Supermarket, Hot-Dog Campaign",24/7,+995322557557,
WISSOL_133,Wissol,Beliashvili St. N125,Beliashvili St. N125,,41.7768186,44.7814002,,Service Center,24/7,+995322470202,
WISSOL_83,Wissol,Chargli Street N 122 A,Chargli Street N 122 A,,41.7770235,44.8056864,,Standart,24/7,+995322915315,
WISSOL_1,Wissol,Chavchavadze Avenue #74b.,Chavchavadze Avenue #74b.,,41.71098457,44.75365866,,Main,24/7,+995322915315,
WISSOL_127,Wissol,"Chokhatauri, April 9 Street","Chokhatauri, April 9 Street",Chokhatauri,42.0206383,42.2433666,,Standart,24/7,+995322915315,
WISSOL_71,Wissol,Cosmonauts beach N 35,Cosmonauts beach N 35,,41.7320007,44.775307,,Standart,24/7,+995322915315,
WISSOL_332,Wissol,Cosmonauts beach N 35,Cosmonauts beach N 35,,41.7320007,44.775307,,"Supermarket, Hot-Dog Campaign",24/7,+995322557557,
WISSOL_14,Wissol,"Cosmonauts beach N9, near Mushtaidi","Cosmonauts beach N9, near Mushtaidi",Cosmonauts beach N9,41.7206414,44.7858626,,"Supermarket, Hot-Dog Campaign",24/7,+995322557557,
WISSOL_95,Wissol,"Cosmonauts beach N9, near Mushtaidi","Cosmonauts beach N9, near Mushtaidi",Cosmonauts beach N9,41.7206414,44.7858626,,Standart,24/7,+995322915315,
WISSOL_51,Wissol,Davit Agmashenebeli N115 d,Davit Agmashenebeli N115 d,,41.3992024,43.488417,,Standart,24/7,+995322915315,
WISSOL_25,Wissol,Davit Agmashenebeli N89,Davit Agmashenebeli N89,,42.49467166,41.85979,,"Supermarket, Hot-Dog Campaign",24/7,+995322557557,
WISSOL_78,Wissol,Davit Agmashenebeli N89,Davit Agmashenebeli N89,,42.49467166,41.85979,,Smart Pay,24/7,+995322915315,
WISSOL_190,Wissol,Davit Agmashenebeli N89,Davit Agmashenebeli N89,,42.49467166,41.85979,,CNG,24/7,+995322915315,
WISSOL_202,Wissol,Davit Agmashenebeli N89,Davit Agmashenebeli N89,,42.49467166,41.85979,,Service Center,24/7,+995322470202,
WISSOL_81,Wissol,Davit Agmashenebeli Street N60 a,Davit Agmashenebeli Street N60 a,,41.92521,45.4709483,,Standart,24/7,+995322915315,
WISSOL_191,Wissol,Davit Agmashenebeli Street N60 a,Davit Agmashenebeli Street N60 a,,41.92521,45.4709483,,CNG,24/7,+995322915315,
WISSOL_70,Wissol,Davit Agmashenebeli alley N 182,Davit Agmashenebeli alley N 182,,41.7863602,44.7686568,,Standart,24/7,+995322915315,
WISSOL_12,Wissol,Davit Agmashenebeli alley N145,Davit Agmashenebeli alley N145,,41.7863602,44.7686568,,"Supermarket, Hot-Dog Campaign",24/7,+995322557557,
WISSOL_91,Wissol,Davit Agmashenebeli alley N145,Davit Agmashenebeli alley N145,,41.793759,44.7708161,,"Standart, Power Charger",24/7,+995322915315,
WISSOL_193,Wissol,Davit Agmashenebeli alley N145,Davit Agmashenebeli alley N145,,41.793759,44.7708161,,CNG,24/7,+995322915315,
WISSOL_21,Wissol,Davit Agmashenebeli alley N81,Davit Agmashenebeli alley N81,,41.776679,44.7692,,"Supermarket, Hot-Dog Campaign",24/7,+995322557557,
WISSOL_92,Wissol,Davit Agmashenebeli alley N81,Davit Agmashenebeli alley N81,,41.776679,44.7692,,Standart,24/7,+995322915315,
WISSOL_45,Wissol,Davit Agmashenebeli street,Davit Agmashenebeli street,,41.861528,43.41287,,"Supermarket, Hot-Dog Campaign",24/7,+995322557557,
WISSOL_61,Wissol,Davit Agmashenebeli street,Davit Agmashenebeli street,,41.861528,43.41287,,"Standart, Power Charger",24/7,+995322915315,
WISSOL_185,Wissol,Davit Agmashenebeli street,Davit Agmashenebeli street,,41.861528,43.41287,,CNG,24/7,+995322915315,
WISSOL_34,Wissol,"Davit Sarajishvili avenue, adjacent to the winery","Davit Sarajishvili avenue, adjacent to the winery",Davit Sarajishvili avenue,41.7873196,44.8000279,,"Supermarket, Hot-Dog Campaign",24/7,+995322557557,
WISSOL_47,Wissol,"Davit Sarajishvili avenue, adjacent to the winery","Davit Sarajishvili avenue, adjacent to the winery",Davit Sarajishvili avenue,41.7873196,44.8000279,,Standart,24/7,+995322915315,
WISSOL_136,Wissol,"Davit Sarajishvili avenue, adjacent to the winery","Davit Sarajishvili avenue, adjacent to the winery",Davit Sarajishvili avenue,41.7873196,44.8000279,,Service Center,24/7,+995322470202,
WISSOL_125,Wissol,Davit and Konstantine Mkheidzeeb street N15 a,Davit and Konstantine Mkheidzeeb street N15 a,,42.2752431,42.7034093,,Self Service,24/7,+995322915315,
WISSOL_402,Wissol,"Dusheti district, Zhinvali township","Dusheti district, Zhinvali township",Dusheti district,42.1091682,44.7739206,,Standart,24/7,+995322915315,
WISSOL_422,Wissol,"Dusheti district, Zhinvali township","Dusheti district, Zhinvali township",Dusheti district,42.1091682,44.7739206,,"Supermarket, Hot-Dog Campaign",24/7,+995322557557,
WISSOL_111,Wissol,Eka Bezhanishvili N24,Eka Bezhanishvili N24,,41.6116027,45.9233785,,Standart,24/7,+995322915315,
WISSOL_94,Wissol,Erekle Farjiani N29,Erekle Farjiani N29,,43.040563,42.7110729,,Standart,24/7,+995322915315,
WISSOL_130,Wissol,Fridon Khalvashi Avenue N308,Fridon Khalvashi Avenue N308,,41.5884983,41.647904,,Standart,24/7,+995322915315,
WISSOL_131,Wissol,Fridon Khalvashi Avenue N63,Fridon Khalvashi Avenue N63,,41.616713,41.619796,,Standart,24/7,+995322915315,
WISSOL_335,Wissol,Fridon Khalvashi Avenue N63,Fridon Khalvashi Avenue N63,,41.616713,41.619796,,"Supermarket, Hot-Dog Campaign",24/7,+995322557557,
WISSOL_63,Wissol,"Gardabani, Davit Agmashenebeli street","Gardabani, Davit Agmashenebeli street",Gardabani,41.4702,45.0838676,,Standart,24/7,+995322915315,
WISSOL_116,Wissol,Gegidze N2,Gegidze N2,,42.1510745,41.6708189,,Self Service,24/7,+995322915315,
WISSOL_36,Wissol,George Bush N64,George Bush N64,,41.690505,44.84036,,Supermarket,24/7,+995322557557,
WISSOL_93,Wissol,George Bush N64,George Bush N64,,41.690505,44.84036,,Standart,24/7,+995322915315,
WISSOL_15,Wissol,"Gori district, Tiniskhid village","Gori district, Tiniskhid village",Gori district,42.0159252,44.064069,,"Supermarket, Hot-Dog Campaign",24/7,+995322557557,
WISSOL_112,Wissol,"Gori district, Tiniskhid village","Gori district, Tiniskhid village",Gori district,42.0159252,44.064069,,"Standart, Power Charger",24/7,+995322915315,
WISSOL_188,Wissol,"Gori district, Tiniskhid village","Gori district, Tiniskhid village",Gori district,42.0159252,44.064069,,CNG,24/7,+995322915315,
WISSOL_252,Wissol,"Gori district, Tiniskhid village","Gori district, Tiniskhid village",Gori district,42.0159252,44.064069,,Booth,24/7,+995322557557,
WISSOL_123,Wissol,Grishashvili N30,Grishashvili N30,,42.26747,42.69421,,Standart,24/7,+995322915315,
WISSOL_312,Wissol,Grishashvili N30,Grishashvili N30,,42.26747,42.69421,,"Supermarket, Hot-Dog Campaign",24/7,+995322557557,
WISSOL_107,Wissol,Guramishvili avenue N39,Guramishvili avenue N39,,41.7789367,44.7962156,,Self Service,24/7,+995322915315,
WISSOL_28,Wissol,Heydar Aliyev beach N13,Heydar Aliyev beach N13,,41.728985,44.776581,,"Supermarket, Hot-Dog Campaign",24/7,+995322557557,
WISSOL_119,Wissol,Heydar Aliyev beach N13,Heydar Aliyev beach N13,,41.728985,44.776581,,Standart,24/7,+995322915315,
WISSOL_135,Wissol,Heydar Aliyev beach N13,Heydar Aliyev beach N13,,41.728985,44.776581,,Service Center,24/7,+995322470202,
WISSOL_382,Wissol,Ilia Chavchavadze Avenue N74b.,Ilia Chavchavadze Avenue N74b.,,41.71098457,44.75365866,,Main,24/7,+995322557557,
WISSOL_383,Wissol,Ilia Chavchavadze Avenue N74b.,Ilia Chavchavadze Avenue N74b.,,41.71098457,44.75365866,,Main,24/7,+995322470202,
WISSOL_19,Wissol,Ilia Chavchavadze N43,Ilia Chavchavadze N43,,41.9437095,45.8150244,,"Supermarket, Hot-Dog Campaign",24/7,+995322557557,
WISSOL_126,Wissol,Ilia Chavchavadze N43,Ilia Chavchavadze N43,,41.9437095,45.8150244,,Standart,24/7,+995322915315,
WISSOL_65,Wissol,Ilia Vekua Street N 42,Ilia Vekua Street N 42,,41.8014632,44.8263011,,Standart,24/7,+995322915315,
WISSOL_172,Wissol,Ilia Vekua Street N 42,Ilia Vekua Street N 42,,41.8014632,44.8263011,,CNG,24/7,+995322915315,
WISSOL_87,Wissol,Javakheti Street N 3,Javakheti Street N 3,,41.6815778,44.8708336,,Standart,24/7,+995322915315,
WISSOL_74,Wissol,Javakheti Street N132,Javakheti Street N132,,41.6953214,44.869547,,Self Service,24/7,+995322915315,
WISSOL_124,Wissol,Juli Shartava 3rd lane N12,Juli Shartava 3rd lane N12,,42.2619093,42.6733044,,Self Service,24/7,+995322915315,
WISSOL_40,Wissol,"Kakheti Highway, near the Cosmonauts Monument.","Kakheti Highway, near the Cosmonauts Monument.",Kakheti Highway,41.68475,44.88947,,"Supermarket, Hot-Dog Campaign",24/7,+995322557557,
WISSOL_102,Wissol,"Kakheti Highway, near the Cosmonauts Monument.","Kakheti Highway, near the Cosmonauts Monument.",Kakheti Highway,41.68475,44.88947,,Standart,24/7,+995322915315,
WISSOL_13,Wissol,"Kakheti highway to ""Tsekunki"" University. I'm following the base.","Kakheti highway to ""Tsekunki"" University. I'm following the base.",,41.6926054,44.9671455,,"Supermarket, Hot-Dog Campaign",24/7,+995322557557,
WISSOL_88,Wissol,"Kakheti highway to ""Tsekunki"" University. I'm following the base.","Kakheti highway to ""Tsekunki"" University. I'm following the base.",,41.6926054,44.9671455,,Standart,24/7,+995322915315,
WISSOL_192,Wissol,"Kakheti highway to ""Tsekunki"" University. I'm following the base.","Kakheti highway to ""Tsekunki"" University. I'm following the base.",,41.6926054,44.9671455,,CNG,24/7,+995322915315,
WISSOL_20,Wissol,"Kazbegi district, Gudauri township","Kazbegi district, Gudauri township",Kazbegi district,42.4625,44.48131,,"Supermarket, Hot-Dog Campaign",24/7,+995322557557,
WISSOL_68,Wissol,"Kazbegi district, Gudauri township","Kazbegi district, Gudauri township",Kazbegi district,42.4625,44.48131,,Standart,24/7,+995322915315,
WISSOL_84,Wissol,Ketevan Tsamuli Avenue N65 v,Ketevan Tsamuli Avenue N65 v,,41.6863589,44.8386926,,Self Service,24/7,+995322915315,
WISSOL_129,Wissol,"Khashuri district, Osiauri village","Khashuri district, Osiauri village",Khashuri district,41.99513,43.63882333,,Standart,24/7,+995322915315,
WISSOL_184,Wissol,"Khashuri district, Osiauri village","Khashuri district, Osiauri village",Khashuri district,41.99513,43.63882333,,CNG,24/7,+995322915315,
WISSOL_282,Wissol,"Khashuri district, Osiauri village","Khashuri district, Osiauri village",Khashuri district,41.99513,43.63882333,,"Supermarket, Hot-Dog Campaign",24/7,+995322557557,
WISSOL_115,Wissol,Kokaia alley,Kokaia alley,,42.173575,41.6799154,,Standart,24/7,+995322915315,
WISSOL_223,Wissol,Kokaia alley,Kokaia alley,,42.173575,41.6799154,,Supermarket,24/7,+995322557557,
WISSOL_128,Wissol,Kostava N13,Kostava N13,,41.6016224,44.1049467,,Standart,24/7,+995322915315,
WISSOL_38,Wissol,Kutaisi airport building,Kutaisi airport building,,42.1817872,42.4643827,,"Supermarket, Hot-Dog Campaign",24/7,+995322557557,
WISSOL_143,Wissol,Kutaisi airport building,Kutaisi airport building,,42.1817872,42.4643827,,"Supermarket, Hot-Dog Campaign",24/7,+995322557557,
WISSOL_121,Wissol,Lado Asatiani N98,Lado Asatiani N98,,42.2491099,42.6931748,,Standart,24/7,+995322915315,
WISSOL_57,Wissol,Leonidze Street N 4 d,Leonidze Street N 4 d,,41.6236335,41.6241182,,Standart,24/7,+995322915315,
WISSOL_75,Wissol,Marshall Gelovani Avenue N 60,Marshall Gelovani Avenue N 60,,41.7594083,44.7682366,,Standart,24/7,+995322915315,
WISSOL_30,Wissol,Marshalli Gelovani Avenue N35,Marshalli Gelovani Avenue N35,,41.7541055,44.7694712,,"Hot-Dog Campaign, Booth",24/7,+995322557557,
WISSOL_110,Wissol,Marshalli Gelovani Avenue N35,Marshalli Gelovani Avenue N35,,41.7541055,44.7694712,,Self Service,24/7,+995322915315,
WISSOL_77,Wissol,"Merab Kostava Street N64, near the zoo","Merab Kostava Street N64, near the zoo",Merab Kostava Street N64,41.71391833,44.77996833,,Standart,24/7,+995322915315,
WISSOL_138,Wissol,"Merab Kostava Street N64, near the zoo","Merab Kostava Street N64, near the zoo",Merab Kostava Street N64,41.71391833,44.77996833,,Service Center,24/7,+995322470202,
WISSOL_262,Wissol,"Merab Kostava Street N64, near the zoo","Merab Kostava Street N64, near the zoo",Merab Kostava Street N64,41.71391833,44.77996833,,"Hot-Dog Campaign, Booth",24/7,+995322557557,
WISSOL_33,Wissol,Mikheil Tamarashvili Street N4 Z,Mikheil Tamarashvili Street N4 Z,,41.71534,44.745415,,Supermarket,24/7,+995322557557,
WISSOL_72,Wissol,Mikheil Tamarashvili Street N4 Z,Mikheil Tamarashvili Street N4 Z,,41.71534,44.745415,,Standart,24/7,+995322915315,
WISSOL_35,Wissol,Near Bebriscikhi,Near Bebriscikhi,,41.8576004,44.722423,,"Supermarket, Hot-Dog Campaign",24/7,+995322557557,
WISSOL_97,Wissol,Near Bebriscikhi,Near Bebriscikhi,,41.8576004,44.722423,,Smart Pay,24/7,+995322915315,
WISSOL_46,Wissol,Near Khetagurov N40,Near Khetagurov N40,,41.6989341,44.8087756,,Standart,24/7,+995322915315,
WISSOL_29,Wissol,Next to Juli Shartava N4,Next to Juli Shartava N4,,41.565126,44.973962,,"Supermarket, Hot-Dog Campaign",24/7,+995322557557,
WISSOL_104,Wissol,Next to Juli Shartava N4,Next to Juli Shartava N4,,41.565126,44.973962,,Smart Pay,24/7,+995322915315,
WISSOL_26,Wissol,Nikia st. No. 16,Nikia st. No. 16,,42.241619,42.692084,,"Supermarket, Hot-Dog Campaign",24/7,+995322557557,
WISSOL_99,Wissol,Nikia st. No. 16,Nikia st. No. 16,,42.241619,42.692084,,Smart Pay,24/7,+995322915315,
WISSOL_183,Wissol,Nikia st. No. 16,Nikia st. No. 16,,42.241619,42.692084,,CNG,24/7,+995322915315,
WISSOL_242,Wissol,Nikia st. No. 16,Nikia st. No. 16,,42.241619,42.692084,,Service Center,24/7,+995322470202,
WISSOL_23,Wissol,Odyssey Dimitriadis N5,Odyssey Dimitriadis N5,,41.6573551,41.6756966,,"Supermarket, Hot-Dog Campaign",24/7,+995322557557,
WISSOL_54,Wissol,Odyssey Dimitriadis N5,Odyssey Dimitriadis N5,,41.6573551,41.6756966,,Standart,24/7,+995322915315,
WISSOL_24,Wissol,"Okrokana village, Kojri highway N12","Okrokana village, Kojri highway N12",Okrokana village,41.6830499,44.7751648,,Supermarket,24/7,+995322557557,
WISSOL_101,Wissol,"Okrokana village, Kojri highway N12","Okrokana village, Kojri highway N12",Okrokana village,41.6830499,44.7751648,,Smart Pay,24/7,+995322915315,
WISSOL_66,Wissol,Omar Khizanishvili Street N 10,Omar Khizanishvili Street N 10,,41.79184,44.81478833,,Standart,24/7,+995322915315,
WISSOL_41,Wissol,"Ozurgeti district, Ureki","Ozurgeti district, Ureki",Ozurgeti district,41.99224166,41.78149166,,"Hot-Dog Campaign, Booth",24/7,+995322557557,
WISSOL_113,Wissol,"Ozurgeti district, Ureki","Ozurgeti district, Ureki",Ozurgeti district,41.99224166,41.78149166,,Standart,24/7,+995322915315,
WISSOL_117,Wissol,Petre Kavtaradze N16,Petre Kavtaradze N16,,41.721872,44.737144,,Standart,24/7,+995322915315,
WISSOL_58,Wissol,Pushkini N77,Pushkini N77,,41.6411842,41.6319975,,Standart,24/7,+995322915315,
WISSOL_106,Wissol,Republic Street N8,Republic Street N8,,42.16563333,42.34723833,,Standart,24/7,+995322915315,
WISSOL_212,Wissol,Republic Street N8,Republic Street N8,,42.16563333,42.34723833,,"Supermarket, Hot-Dog Campaign",24/7,+995322557557,
WISSOL_37,Wissol,"Right bank of Mtkvari, near Gogilo bath","Right bank of Mtkvari, near Gogilo bath",Right bank of Mtkvari,41.6857763,44.8233485,,"Supermarket, Hot-Dog Campaign",24/7,+995322557557,
WISSOL_67,Wissol,"Right bank of Mtkvari, near Gogilo bath","Right bank of Mtkvari, near Gogilo bath",Right bank of Mtkvari,41.6857763,44.8233485,,Standart,24/7,+995322915315,
WISSOL_27,Wissol,"Saguramo village, Mtskheti district","Saguramo village, Mtskheti district",Saguramo village,41.882043,44.734401,,"Supermarket, Hot-Dog Campaign",24/7,+995322557557,
WISSOL_105,Wissol,"Saguramo village, Mtskheti district","Saguramo village, Mtskheti district",Saguramo village,41.882043,44.734401,,Smart Pay,24/7,+995322915315,
WISSOL_114,Wissol,Samegrelo square,Samegrelo square,,42.1475015,41.6808654,,Standart,24/7,+995322915315,
WISSOL_62,Wissol,Shalva Nutsubidze Street N121e,Shalva Nutsubidze Street N121e,,41.727166,44.734297,,Standart,24/7,+995322915315,
WISSOL_120,Wissol,Shota Rustaveli N 172 a,Shota Rustaveli N 172 a,,42.2557055,42.6626858,,Standart,24/7,+995322915315,
WISSOL_82,Wissol,Shota Rustaveli N122,Shota Rustaveli N122,,41.9187966,45.49624,,Standart,24/7,+995322915315,
WISSOL_302,Wissol,Shota Rustaveli N122,Shota Rustaveli N122,,41.9187966,45.49624,,"Supermarket, Hot-Dog Campaign",24/7,+995322557557,
WISSOL_17,Wissol,Shota Rustaveli N167,Shota Rustaveli N167,,42.5092296,41.85999,,"Supermarket, Hot-Dog Campaign",24/7,+995322557557,
WISSOL_79,Wissol,Shota Rustaveli N167,Shota Rustaveli N167,,42.5092296,41.85999,,Standart,24/7,+995322915315,
WISSOL_118,Wissol,Shota Rustaveli N26,Shota Rustaveli N26,,41.81416666,41.77797333,,Standart,24/7,+995322915315,
WISSOL_80,Wissol,Shota Rustaveli N328,Shota Rustaveli N328,,42.5012558,41.8440645,,Self Service,24/7,+995322915315,
WISSOL_100,Wissol,St. George N2,St. George N2,,41.9138561,42.0016261,,Standart,24/7,+995322915315,
WISSOL_189,Wissol,Tamar Mefi N10,Tamar Mefi N10,,42.1143577,43.0315345,,CNG,24/7,+995322915315,
WISSOL_39,Wissol,Tamar Mefi N19,Tamar Mefi N19,,42.3339188,43.4110292,,"Supermarket, Hot-Dog Campaign",24/7,+995322557557,
WISSOL_108,Wissol,Tamar Mefi N19,Tamar Mefi N19,,42.3339188,43.4110292,,Standart,24/7,+995322915315,
WISSOL_187,Wissol,Tamar Mefi N19,Tamar Mefi N19,,42.3339188,43.4110292,,CNG,24/7,+995322915315,
WISSOL_60,Wissol,Tamar Mefi Street N2,Tamar Mefi Street N2,,42.070455,42.823563,,Standart,24/7,+995322915315,
WISSOL_16,Wissol,Tamarashvili N1,Tamarashvili N1,,41.6433644,42.9824952,,"Supermarket, Hot-Dog Campaign",24/7,+995322557557,
WISSOL_52,Wissol,Tamarashvili N1,Tamarashvili N1,,41.6433644,42.9824952,,Standart,24/7,+995322915315,
WISSOL_53,Wissol,Tbel - Abuseridze N37,Tbel - Abuseridze N37,,41.6347414,41.6145228,,"Standart, Power Charger",24/7,+995322915315,
WISSOL_55,Wissol,Tbel-Abuseridze N22 a,Tbel-Abuseridze N22 a,,41.6352903,41.6163938,,Self Service,24/7,+995322915315,
WISSOL_194,Wissol,Tbel-Abuseridze N22 a,Tbel-Abuseridze N22 a,,41.6352903,41.6163938,,CNG,24/7,+995322915315,
WISSOL_375,Wissol,"Telavi, village Vardisubani","Telavi, village Vardisubani",Telavi,41.9272234,45.4570568,,Service Center,24/7,+995322470202,
WISSOL_44,Wissol,Tengiz Sheshelidze N7a,Tengiz Sheshelidze N7a,,41.78493833,44.79618833,,Supermarket,24/7,+995322557557,
WISSOL_64,Wissol,Tengiz Sheshelidze N7a,Tengiz Sheshelidze N7a,,41.78493833,44.79618833,,Standart,24/7,+995322915315,
WISSOL_43,Wissol,"Tornike Eristavi N8, near ""Didube"" metro station","Tornike Eristavi N8, near ""Didube"" metro station",Tornike Eristavi N8,41.74828666,44.78037833,,"Supermarket, Hot-Dog Campaign",24/7,+995322557557,
WISSOL_69,Wissol,"Tornike Eristavi N8, near ""Didube"" metro station","Tornike Eristavi N8, near ""Didube"" metro station",Tornike Eristavi N8,41.74828666,44.78037833,,Standart,24/7,+995322915315,
WISSOL_103,Wissol,Tskhinvali highway,Tskhinvali highway,,41.9966457,44.1117404,,Standart,24/7,+995322915315,
WISSOL_333,Wissol,Tskhinvali highway,Tskhinvali highway,,41.9966457,44.1117404,,"Hot-Dog Campaign, Booth",24/7,+995322557557,
WISSOL_98,Wissol,Tsotne Dadiani N134 st,Tsotne Dadiani N134 st,,41.7381084,44.7948125,,Standart,24/7,+995322915315,
WISSOL_32,Wissol,Vazha-Pshavela avenue N27d,Vazha-Pshavela avenue N27d,,41.7267788,44.7564,,"Supermarket, Hot-Dog Campaign",24/7,+995322557557,
WISSOL_73,Wissol,Vazha-Pshavela avenue N27d,Vazha-Pshavela avenue N27d,,41.7267788,44.7564,,Standart,24/7,+995322915315,
WISSOL_22,Wissol,"Zestafoni district, Argveta village","Zestafoni district, Argveta village",Zestafoni district,42.147452,42.9652551,,"Supermarket, Hot-Dog Campaign",24/7,+995322557557,
WISSOL_49,Wissol,"Zestafoni district, Argveta village","Zestafoni district, Argveta village",Zestafoni district,42.147452,42.9652551,,"Standart, Power Charger",24/7,+995322915315,
WISSOL_186,Wissol,"Zestafoni district, Argveta village","Zestafoni district, Argveta village",Zestafoni district,42.147452,42.9652551,,CNG,24/7,+995322915315,
WISSOL_90,Wissol,Zurab Anjafaridze Street N 35,Zurab Anjafaridze Street N 35,,41.7189474,44.7176706,,Standart,24/7,+995322915315,
WISSOL_232,Wissol,Zurab Anjafaridze Street N 35,Zurab Anjafaridze Street N 35,,41.7189474,44.7176706,,"Supermarket, Hot-Dog Campaign",24/7,+995322557557,
WISSOL_85,Wissol,opposite Ketevan Tsamuli Avenue N71,opposite Ketevan Tsamuli Avenue N71,,41.6861283,44.8492133,,Standart,24/7,+995322915315,
WISSOL_132,Wissol,opposite Ketevan Tsamuli Avenue N71,opposite Ketevan Tsamuli Avenue N71,,41.6861283,44.8492133,,Service Center,24/7,+995322470202,
WISSOL_109,Wissol,peace N168,peace N168,,42.26659666,42.07082333,,Standart,24/7,+995322915315,
